gene,drug,statut_final,actions_retenues,n_lignes_supprimees,interpretation,statut_passe1,source_passe1,statut_passe2,source_passe2
ABCG2,imatinib,aucune_guideline,,0,Aucune guideline CPIC identifiee pour cette paire,aucun_fichier_trouve,,aucun_fichier_trouve,
ABCG2,methotrexate,aucune_guideline,,0,Aucune guideline CPIC identifiee pour cette paire,aucun_fichier_trouve,,aucun_fichier_trouve,
ABCG2,sulfasalazine,aucune_guideline,,0,Aucune guideline CPIC identifiee pour cette paire,aucun_fichier_trouve,,aucun_fichier_trouve,
CYP1A2,caffeine,aucune_guideline,,0,Aucune guideline CPIC identifiee pour cette paire,aucun_fichier_trouve,,aucun_fichier_trouve,
CYP1A2,clobazam,aucune_guideline,,0,Aucune guideline CPIC identifiee pour cette paire,aucun_fichier_trouve,,aucun_fichier_trouve,
CYP1A2,doxepin hydrochloride,aucune_guideline,,0,Aucune guideline CPIC identifiee pour cette paire,aucun_fichier_trouve,,aucun_fichier_trouve,
CYP1A2,galantamine hydrobromide,aucune_guideline,,0,Aucune guideline CPIC identifiee pour cette paire,aucun_fichier_trouve,,aucun_fichier_trouve,
CYP1A2,lacosamide,aucune_guideline,,0,Aucune guideline CPIC identifiee pour cette paire,aucun_fichier_trouve,,aucun_fichier_trouve,
CYP1A2,lurasidone hydrochloride,aucune_guideline,,0,Aucune guideline CPIC identifiee pour cette paire,aucun_fichier_trouve,,aucun_fichier_trouve,
CYP1A2,mirabegron,aucune_guideline,,0,Aucune guideline CPIC identifiee pour cette paire,aucun_fichier_trouve,,aucun_fichier_trouve,
CYP1A2,modafinil,aucune_guideline,,0,Aucune guideline CPIC identifiee pour cette paire,aucun_fichier_trouve,,aucun_fichier_trouve,
CYP1A2,nitisinone,aucune_guideline,,0,Aucune guideline CPIC identifiee pour cette paire,aucun_fichier_trouve,,aucun_fichier_trouve,
CYP1A2,ondansetron hydrochloride,aucune_guideline,,0,Aucune guideline CPIC identifiee pour cette paire,aucun_fichier_trouve,,aucun_fichier_trouve,
CYP1A2,warfarin,aucune_guideline,,0,Aucune guideline CPIC identifiee pour cette paire,aucun_fichier_trouve,,aucun_fichier_trouve,
CYP2A6,efavirenz,aucune_guideline,,0,Aucune guideline CPIC identifiee pour cette paire,aucun_fichier_trouve,,aucun_fichier_trouve,
CYP2A6,galantamine hydrobromide,aucune_guideline,,0,Aucune guideline CPIC identifiee pour cette paire,aucun_fichier_trouve,,aucun_fichier_trouve,
CYP2A6,letrozole,aucune_guideline,,0,Aucune guideline CPIC identifiee pour cette paire,aucun_fichier_trouve,,aucun_fichier_trouve,
CYP2A6,lurasidone hydrochloride,aucune_guideline,,0,Aucune guideline CPIC identifiee pour cette paire,aucun_fichier_trouve,,aucun_fichier_trouve,
CYP2A6,nicotine,aucune_guideline,,0,Aucune guideline CPIC identifiee pour cette paire,aucun_fichier_trouve,,aucun_fichier_trouve,
CYP2A6,varenicline,aucune_guideline,,0,Aucune guideline CPIC identifiee pour cette paire,aucun_fichier_trouve,,aucun_fichier_trouve,
CYP2B6,artemether,aucune_guideline,,0,Aucune guideline CPIC identifiee pour cette paire,aucun_fichier_trouve,,aucun_fichier_trouve,
CYP2B6,bupropion,aucune_guideline,,0,Aucune guideline CPIC identifiee pour cette paire,aucun_fichier_trouve,,aucun_fichier_trouve,
CYP2B6,clobazam,aucune_guideline,,0,Aucune guideline CPIC identifiee pour cette paire,aucun_fichier_trouve,,aucun_fichier_trouve,
CYP2B6,cyclophosphamide,aucune_guideline,,0,Aucune guideline CPIC identifiee pour cette paire,aucun_fichier_trouve,,aucun_fichier_trouve,
CYP2B6,lurasidone hydrochloride,aucune_guideline,,0,Aucune guideline CPIC identifiee pour cette paire,aucun_fichier_trouve,,aucun_fichier_trouve,
CYP2B6,mirabegron,aucune_guideline,,0,Aucune guideline CPIC identifiee pour cette paire,aucun_fichier_trouve,,aucun_fichier_trouve,
CYP2B6,mirtazapine,aucune_guideline,,0,Aucune guideline CPIC identifiee pour cette paire,aucun_fichier_trouve,,aucun_fichier_trouve,
CYP2B6,modafinil,aucune_guideline,,0,Aucune guideline CPIC identifiee pour cette paire,aucun_fichier_trouve,,aucun_fichier_trouve,
CYP2B6,nevirapine,aucune_guideline,,0,Aucune guideline CPIC identifiee pour cette paire,aucun_fichier_trouve,,aucun_fichier_trouve,
CYP2B6,propofol,aucune_guideline,,0,Aucune guideline CPIC identifiee pour cette paire,aucun_fichier_trouve,,aucun_fichier_trouve,
CYP2B6,varenicline,aucune_guideline,,0,Aucune guideline CPIC identifiee pour cette paire,aucun_fichier_trouve,,aucun_fichier_trouve,
CYP2C19,amoxicillin,aucune_guideline,,0,Aucune guideline CPIC identifiee pour cette paire,aucun_fichier_trouve,,aucun_fichier_trouve,
CYP2C19,arformoterol tartrate,aucune_guideline,,0,Aucune guideline CPIC identifiee pour cette paire,aucun_fichier_trouve,,aucun_fichier_trouve,
CYP2C19,aspirin,aucune_guideline,,0,Aucune guideline CPIC identifiee pour cette paire,aucun_fichier_trouve,,aucun_fichier_trouve,
CYP2C19,atomoxetine,aucune_guideline,,0,Aucune guideline CPIC identifiee pour cette paire,aucun_fichier_trouve,,aucun_fichier_trouve,
CYP2C19,azacitidine for,aucune_guideline,,0,Aucune guideline CPIC identifiee pour cette paire,aucun_fichier_trouve,,aucun_fichier_trouve,
CYP2C19,clarithromycin,aucune_guideline,,0,Aucune guideline CPIC identifiee pour cette paire,aucun_fichier_trouve,,aucun_fichier_trouve,
CYP2C19,clobazam,aucune_guideline,,0,Aucune guideline CPIC identifiee pour cette paire,aucun_fichier_trouve,,aucun_fichier_trouve,
CYP2C19,clozapine,aucune_guideline,,0,Aucune guideline CPIC identifiee pour cette paire,aucun_fichier_trouve,,aucun_fichier_trouve,
CYP2C19,cyclophosphamide,aucune_guideline,,0,Aucune guideline CPIC identifiee pour cette paire,aucun_fichier_trouve,,aucun_fichier_trouve,
CYP2C19,diazepam,aucune_guideline,,0,Aucune guideline CPIC identifiee pour cette paire,aucun_fichier_trouve,,aucun_fichier_trouve,
CYP2C19,doxorubicin,aucune_guideline,,0,Aucune guideline CPIC identifiee pour cette paire,aucun_fichier_trouve,,aucun_fichier_trouve,
CYP2C19,extended phenytoin sodium,aucune_guideline,,0,Aucune guideline CPIC identifiee pour cette paire,aucun_fichier_trouve,,aucun_fichier_trouve,
CYP2C19,fenofibrate,aucune_guideline,,0,Aucune guideline CPIC identifiee pour cette paire,aucun_fichier_trouve,,aucun_fichier_trouve,
CYP2C19,fluoxetine,aucune_guideline,,0,Aucune guideline CPIC identifiee pour cette paire,aucun_fichier_trouve,,aucun_fichier_trouve,
CYP2C19,gabapentin,aucune_guideline,,0,Aucune guideline CPIC identifiee pour cette paire,aucun_fichier_trouve,,aucun_fichier_trouve,
CYP2C19,lacosamide,aucune_guideline,,0,Aucune guideline CPIC identifiee pour cette paire,aucun_fichier_trouve,,aucun_fichier_trouve,
CYP2C19,leflunomide,aucune_guideline,,0,Aucune guideline CPIC identifiee pour cette paire,aucun_fichier_trouve,,aucun_fichier_trouve,
CYP2C19,lorlatinib,aucune_guideline,,0,Aucune guideline CPIC identifiee pour cette paire,aucun_fichier_trouve,,aucun_fichier_trouve,
CYP2C19,lurasidone hydrochloride,aucune_guideline,,0,Aucune guideline CPIC identifiee pour cette paire,aucun_fichier_trouve,,aucun_fichier_trouve,
CYP2C19,mephenytoin,aucune_guideline,,0,Aucune guideline CPIC identifiee pour cette paire,aucun_fichier_trouve,,aucun_fichier_trouve,
CYP2C19,mirabegron,aucune_guideline,,0,Aucune guideline CPIC identifiee pour cette paire,aucun_fichier_trouve,,aucun_fichier_trouve,
CYP2C19,mirvetuximab soravtansine,aucune_guideline,,0,Aucune guideline CPIC identifiee pour cette paire,aucun_fichier_trouve,,aucun_fichier_trouve,
CYP2C19,modafinil,aucune_guideline,,0,Aucune guideline CPIC identifiee pour cette paire,aucun_fichier_trouve,,aucun_fichier_trouve,
CYP2C19,olanzapine,aucune_guideline,,0,Aucune guideline CPIC identifiee pour cette paire,aucun_fichier_trouve,,aucun_fichier_trouve,
CYP2C19,pazopanib,aucune_guideline,,0,Aucune guideline CPIC identifiee pour cette paire,aucun_fichier_trouve,,aucun_fichier_trouve,
CYP2C19,pazopanib hydrochloride,aucune_guideline,,0,Aucune guideline CPIC identifiee pour cette paire,aucun_fichier_trouve,,aucun_fichier_trouve,
CYP2C19,phenytoin,aucune_guideline,,0,Aucune guideline CPIC identifiee pour cette paire,aucun_fichier_trouve,,aucun_fichier_trouve,
CYP2C19,pomalidomide,aucune_guideline,,0,Aucune guideline CPIC identifiee pour cette paire,aucun_fichier_trouve,,aucun_fichier_trouve,
CYP2C19,pramipexole dihydrochloride,aucune_guideline,,0,Aucune guideline CPIC identifiee pour cette paire,aucun_fichier_trouve,,aucun_fichier_trouve,
CYP2C19,pregabalin,aucune_guideline,,0,Aucune guideline CPIC identifiee pour cette paire,aucun_fichier_trouve,,aucun_fichier_trouve,
CYP2C19,propranolol hydrochloride,aucune_guideline,,0,Aucune guideline CPIC identifiee pour cette paire,aucun_fichier_trouve,,aucun_fichier_trouve,
CYP2C19,ramelteon,aucune_guideline,,0,Aucune guideline CPIC identifiee pour cette paire,aucun_fichier_trouve,,aucun_fichier_trouve,
CYP2C19,sildenafil citrate,aucune_guideline,,0,Aucune guideline CPIC identifiee pour cette paire,aucun_fichier_trouve,,aucun_fichier_trouve,
CYP2C19,tacrolimus,aucune_guideline,,0,Aucune guideline CPIC identifiee pour cette paire,aucun_fichier_trouve,,aucun_fichier_trouve,
CYP2C19,tamoxifen,aucune_guideline,,0,Aucune guideline CPIC identifiee pour cette paire,aucun_fichier_trouve,,aucun_fichier_trouve,
CYP2C19,thalidomide,aucune_guideline,,0,Aucune guideline CPIC identifiee pour cette paire,aucun_fichier_trouve,,aucun_fichier_trouve,
CYP2C19,topiramate,aucune_guideline,,0,Aucune guideline CPIC identifiee pour cette paire,aucun_fichier_trouve,,aucun_fichier_trouve,
CYP2C19,trametinib,aucune_guideline,,0,Aucune guideline CPIC identifiee pour cette paire,aucun_fichier_trouve,,aucun_fichier_trouve,
CYP2C19,valproic acid,aucune_guideline,,0,Aucune guideline CPIC identifiee pour cette paire,aucun_fichier_trouve,,aucun_fichier_trouve,
CYP2C19,venlafaxine,aucune_guideline,,0,Aucune guideline CPIC identifiee pour cette paire,aucun_fichier_trouve,,aucun_fichier_trouve,
CYP2C19,warfarin,aucune_guideline,,0,Aucune guideline CPIC identifiee pour cette paire,aucun_fichier_trouve,,aucun_fichier_trouve,
CYP2C19,ziprasidone,aucune_guideline,,0,Aucune guideline CPIC identifiee pour cette paire,aucun_fichier_trouve,,aucun_fichier_trouve,
CYP2C9,clobazam,aucune_guideline,,0,Aucune guideline CPIC identifiee pour cette paire,aucun_fichier_trouve,,aucun_fichier_trouve,
CYP2C9,doxepin hydrochloride,aucune_guideline,,0,Aucune guideline CPIC identifiee pour cette paire,aucun_fichier_trouve,,aucun_fichier_trouve,
CYP2C9,irbesartan,aucune_guideline,,0,Aucune guideline CPIC identifiee pour cette paire,aucun_fichier_trouve,,aucun_fichier_trouve,
CYP2C9,lacosamide,aucune_guideline,,0,Aucune guideline CPIC identifiee pour cette paire,aucun_fichier_trouve,,aucun_fichier_trouve,
CYP2C9,losartan,aucune_guideline,,0,Aucune guideline CPIC identifiee pour cette paire,aucun_fichier_trouve,,aucun_fichier_trouve,
CYP2C9,lurasidone hydrochloride,aucune_guideline,,0,Aucune guideline CPIC identifiee pour cette paire,aucun_fichier_trouve,,aucun_fichier_trouve,
CYP2C9,mirabegron,aucune_guideline,,0,Aucune guideline CPIC identifiee pour cette paire,aucun_fichier_trouve,,aucun_fichier_trouve,
CYP2C9,modafinil,aucune_guideline,,0,Aucune guideline CPIC identifiee pour cette paire,aucun_fichier_trouve,,aucun_fichier_trouve,
CYP2C9,nitisinone,aucune_guideline,,0,Aucune guideline CPIC identifiee pour cette paire,aucun_fichier_trouve,,aucun_fichier_trouve,
CYP2C9,noscapine,aucune_guideline,,0,Aucune guideline CPIC identifiee pour cette paire,aucun_fichier_trouve,,aucun_fichier_trouve,
CYP2C9,rosuvastatin,aucune_guideline,,0,Aucune guideline CPIC identifiee pour cette paire,aucun_fichier_trouve,,aucun_fichier_trouve,
CYP2C9,rosuvastatin calcium,aucune_guideline,,0,Aucune guideline CPIC identifiee pour cette paire,aucun_fichier_trouve,,aucun_fichier_trouve,
CYP2C9,sitagliptin and metformin hydrochloride,aucune_guideline,,0,Aucune guideline CPIC identifiee pour cette paire,aucun_fichier_trouve,,aucun_fichier_trouve,
CYP2C9,valproic acid,aucune_guideline,,0,Aucune guideline CPIC identifiee pour cette paire,aucun_fichier_trouve,,aucun_fichier_trouve,
CYP2C9,verapamil hydrochloride,aucune_guideline,,0,Aucune guideline CPIC identifiee pour cette paire,aucun_fichier_trouve,,aucun_fichier_trouve,
CYP2D6,3,aucune_guideline,,0,Aucune guideline CPIC identifiee pour cette paire,aucun_fichier_trouve,,aucun_fichier_trouve,
CYP2D6,4-methylenedioxymethamphetamine,aucune_guideline,,0,Aucune guideline CPIC identifiee pour cette paire,aucun_fichier_trouve,,aucun_fichier_trouve,
CYP2D6,amphetamine sulfate,aucune_guideline,,0,Aucune guideline CPIC identifiee pour cette paire,aucun_fichier_trouve,,aucun_fichier_trouve,
CYP2D6,bupropion hydrochloride,aucune_guideline,,0,Aucune guideline CPIC identifiee pour cette paire,aucun_fichier_trouve,,aucun_fichier_trouve,
CYP2D6,carbamazepine,aucune_guideline,,0,Aucune guideline CPIC identifiee pour cette paire,aucun_fichier_trouve,,aucun_fichier_trouve,
CYP2D6,celecoxib,aucune_guideline,,0,Aucune guideline CPIC identifiee pour cette paire,aucun_fichier_trouve,,aucun_fichier_trouve,
CYP2D6,clobazam,aucune_guideline,,0,Aucune guideline CPIC identifiee pour cette paire,aucun_fichier_trouve,,aucun_fichier_trouve,
CYP2D6,"dextroamphetamine saccharate, amphetamine aspartate, dextroamphetamine sulfate and amphetamine sulfate",aucune_guideline,,0,Aucune guideline CPIC identifiee pour cette paire,aucun_fichier_trouve,,aucun_fichier_trouve,
CYP2D6,dextromethorphan,aucune_guideline,,0,Aucune guideline CPIC identifiee pour cette paire,aucun_fichier_trouve,,aucun_fichier_trouve,
CYP2D6,doxorubicin hydrochloride,aucune_guideline,,0,Aucune guideline CPIC identifiee pour cette paire,aucun_fichier_trouve,,aucun_fichier_trouve,
CYP2D6,endoxifen,aucune_guideline,,0,Aucune guideline CPIC identifiee pour cette paire,aucun_fichier_trouve,,aucun_fichier_trouve,
CYP2D6,galantamine hydrobromide,aucune_guideline,,0,Aucune guideline CPIC identifiee pour cette paire,aucun_fichier_trouve,,aucun_fichier_trouve,
CYP2D6,hydroxychloroquine,aucune_guideline,,0,Aucune guideline CPIC identifiee pour cette paire,aucun_fichier_trouve,,aucun_fichier_trouve,
CYP2D6,ivermectin,aucune_guideline,,0,Aucune guideline CPIC identifiee pour cette paire,aucun_fichier_trouve,,aucun_fichier_trouve,
CYP2D6,lamotrigine,aucune_guideline,,0,Aucune guideline CPIC identifiee pour cette paire,aucun_fichier_trouve,,aucun_fichier_trouve,
CYP2D6,lurasidone hydrochloride,aucune_guideline,,0,Aucune guideline CPIC identifiee pour cette paire,aucun_fichier_trouve,,aucun_fichier_trouve,
CYP2D6,mianserin,aucune_guideline,,0,Aucune guideline CPIC identifiee pour cette paire,aucun_fichier_trouve,,aucun_fichier_trouve,
CYP2D6,mirabegron,aucune_guideline,,0,Aucune guideline CPIC identifiee pour cette paire,aucun_fichier_trouve,,aucun_fichier_trouve,
CYP2D6,modafinil,aucune_guideline,,0,Aucune guideline CPIC identifiee pour cette paire,aucun_fichier_trouve,,aucun_fichier_trouve,
CYP2D6,morphine,aucune_guideline,,0,Aucune guideline CPIC identifiee pour cette paire,aucun_fichier_trouve,,aucun_fichier_trouve,
CYP2D6,nilotinib,aucune_guideline,,0,Aucune guideline CPIC identifiee pour cette paire,aucun_fichier_trouve,,aucun_fichier_trouve,
CYP2D6,nitisinone,aucune_guideline,,0,Aucune guideline CPIC identifiee pour cette paire,aucun_fichier_trouve,,aucun_fichier_trouve,
CYP2D6,oxymorphone,aucune_guideline,,0,Aucune guideline CPIC identifiee pour cette paire,aucun_fichier_trouve,,aucun_fichier_trouve,
CYP2D6,paramethoxymethamphetamine,aucune_guideline,,0,Aucune guideline CPIC identifiee pour cette paire,aucun_fichier_trouve,,aucun_fichier_trouve,
CYP2D6,primaquine,aucune_guideline,,0,Aucune guideline CPIC identifiee pour cette paire,aucun_fichier_trouve,,aucun_fichier_trouve,
CYP2D6,rosuvastatin,aucune_guideline,,0,Aucune guideline CPIC identifiee pour cette paire,aucun_fichier_trouve,,aucun_fichier_trouve,
CYP2D6,simvastatin,aucune_guideline,,0,Aucune guideline CPIC identifiee pour cette paire,aucun_fichier_trouve,,aucun_fichier_trouve,
CYP2D6,tamsulosin,aucune_guideline,,0,Aucune guideline CPIC identifiee pour cette paire,aucun_fichier_trouve,,aucun_fichier_trouve,
CYP2D6,tamsulosin hydrochloride,aucune_guideline,,0,Aucune guideline CPIC identifiee pour cette paire,aucun_fichier_trouve,,aucun_fichier_trouve,
CYP3A4,alprazolam,aucune_guideline,,0,Aucune guideline CPIC identifiee pour cette paire,aucun_fichier_trouve,,aucun_fichier_trouve,
CYP3A4,amlodipine,aucune_guideline,,0,Aucune guideline CPIC identifiee pour cette paire,aucun_fichier_trouve,,aucun_fichier_trouve,
CYP3A4,carbamazepine,aucune_guideline,,0,Aucune guideline CPIC identifiee pour cette paire,aucun_fichier_trouve,,aucun_fichier_trouve,
CYP3A4,clobazam,aucune_guideline,,0,Aucune guideline CPIC identifiee pour cette paire,aucun_fichier_trouve,,aucun_fichier_trouve,
CYP3A4,cyclosporine,aucune_guideline,,0,Aucune guideline CPIC identifiee pour cette paire,aucun_fichier_trouve,,aucun_fichier_trouve,
CYP3A4,esomeprazole magnesium,aucune_guideline,,0,Aucune guideline CPIC identifiee pour cette paire,aucun_fichier_trouve,,aucun_fichier_trouve,
CYP3A4,fentanyl,aucune_guideline,,0,Aucune guideline CPIC identifiee pour cette paire,aucun_fichier_trouve,,aucun_fichier_trouve,
CYP3A4,galantamine hydrobromide,aucune_guideline,,0,Aucune guideline CPIC identifiee pour cette paire,aucun_fichier_trouve,,aucun_fichier_trouve,
CYP3A4,lacosamide,aucune_guideline,,0,Aucune guideline CPIC identifiee pour cette paire,aucun_fichier_trouve,,aucun_fichier_trouve,
CYP3A4,lumefantrine,aucune_guideline,,0,Aucune guideline CPIC identifiee pour cette paire,aucun_fichier_trouve,,aucun_fichier_trouve,
CYP3A4,lurasidone hydrochloride,aucune_guideline,,0,Aucune guideline CPIC identifiee pour cette paire,aucun_fichier_trouve,,aucun_fichier_trouve,
CYP3A4,mirabegron,aucune_guideline,,0,Aucune guideline CPIC identifiee pour cette paire,aucun_fichier_trouve,,aucun_fichier_trouve,
CYP3A4,modafinil,aucune_guideline,,0,Aucune guideline CPIC identifiee pour cette paire,aucun_fichier_trouve,,aucun_fichier_trouve,
CYP3A4,nitisinone,aucune_guideline,,0,Aucune guideline CPIC identifiee pour cette paire,aucun_fichier_trouve,,aucun_fichier_trouve,
CYP3A4,odevixibat,aucune_guideline,,0,Aucune guideline CPIC identifiee pour cette paire,aucun_fichier_trouve,,aucun_fichier_trouve,
CYP3A4,ondansetron hydrochloride,aucune_guideline,,0,Aucune guideline CPIC identifiee pour cette paire,aucun_fichier_trouve,,aucun_fichier_trouve,
CYP3A4,sufentanil,aucune_guideline,,0,Aucune guideline CPIC identifiee pour cette paire,aucun_fichier_trouve,,aucun_fichier_trouve,
CYP3A4,tamsulosin hydrochloride,aucune_guideline,,0,Aucune guideline CPIC identifiee pour cette paire,aucun_fichier_trouve,,aucun_fichier_trouve,
CYP3A4,voriconazole,aucune_guideline,,0,Aucune guideline CPIC identifiee pour cette paire,aucun_fichier_trouve,,aucun_fichier_trouve,
CYP3A4,warfarin,aucune_guideline,,0,Aucune guideline CPIC identifiee pour cette paire,aucun_fichier_trouve,,aucun_fichier_trouve,
CYP3A5,clopidogrel,aucune_guideline,,0,Aucune guideline CPIC identifiee pour cette paire,aucun_fichier_trouve,,aucun_fichier_trouve,
CYP3A5,cyclosporine,aucune_guideline,,0,Aucune guideline CPIC identifiee pour cette paire,aucun_fichier_trouve,,aucun_fichier_trouve,
CYP3A5,docetaxel,aucune_guideline,,0,Aucune guideline CPIC identifiee pour cette paire,aucun_fichier_trouve,,aucun_fichier_trouve,
CYP3A5,imatinib,aucune_guideline,,0,Aucune guideline CPIC identifiee pour cette paire,aucun_fichier_trouve,,aucun_fichier_trouve,
CYP3A5,rivaroxaban,aucune_guideline,,0,Aucune guideline CPIC identifiee pour cette paire,aucun_fichier_trouve,,aucun_fichier_trouve,
CYP3A5,sirolimus,aucune_guideline,,0,Aucune guideline CPIC identifiee pour cette paire,aucun_fichier_trouve,,aucun_fichier_trouve,
NAT2,isoniazid,aucune_guideline,,0,Aucune guideline CPIC identifiee pour cette paire,aucun_fichier_trouve,,aucun_fichier_trouve,
SLCO1B1,conjugated estrogens,aucune_guideline,,0,Aucune guideline CPIC identifiee pour cette paire,aucun_fichier_trouve,,aucun_fichier_trouve,
SLCO1B1,estrone sulfate,aucune_guideline,,0,Aucune guideline CPIC identifiee pour cette paire,aucun_fichier_trouve,,aucun_fichier_trouve,
TPMT,purine analogues,aucune_guideline,,0,Aucune guideline CPIC identifiee pour cette paire,aucun_fichier_trouve,,aucun_fichier_trouve,
UGT1A1,bilirubin,aucune_guideline,,0,Aucune guideline CPIC identifiee pour cette paire,aucun_fichier_trouve,,aucun_fichier_trouve,
UGT1A1,clobazam,aucune_guideline,,0,Aucune guideline CPIC identifiee pour cette paire,aucun_fichier_trouve,,aucun_fichier_trouve,
UGT1A1,deferasirox,aucune_guideline,,0,Aucune guideline CPIC identifiee pour cette paire,aucun_fichier_trouve,,aucun_fichier_trouve,
ABCG2,rosuvastatin,coherent_apres_nettoyage,['ADAPTER_DOSE'],2,Coherence retablie par suppression des lignes invalides,texte_ambigu,/home/mouna/projet_memoire/data/cpic_guidelines/PA166262321.json,texte_ambigu,CPIC
CYP2B6,sertraline,coherent_apres_nettoyage,['ADAPTER_DOSE'],1,Coherence retablie par suppression des lignes invalides,resolu,/home/mouna/projet_memoire/data/cpic_guidelines/PA166127639.json,resolu,CPIC
CYP2C19,clopidogrel,coherent_apres_nettoyage,['EVITER'],7,Coherence retablie par suppression des lignes invalides,plusieurs_fichiers,"['/home/mouna/projet_memoire/data/cpic_guidelines/PA166104948.json', '/home/mouna/projet_memoire/data/cpic_guidelines/PA166202501.json', '/home/mouna/projet_memoire/data/cpic_guidelines/PA166104956.json', '/home/mouna/projet_memoire/data/cpic_guidelines/PA166342701.json']",resolu,CPIC
CYP2C19,dexlansoprazole,coherent_apres_nettoyage,"['ADAPTER_DOSE', 'SURVEILLER']",2,Coherence retablie par suppression des lignes invalides,texte_ambigu,/home/mouna/projet_memoire/data/cpic_guidelines/PA166219301.json,texte_ambigu,CPIC
CYP2C19,lansoprazole,coherent_apres_nettoyage,"['ADAPTER_DOSE', 'SURVEILLER']",5,Coherence retablie par suppression des lignes invalides,plusieurs_fichiers,"['/home/mouna/projet_memoire/data/cpic_guidelines/PA166104987.json', '/home/mouna/projet_memoire/data/cpic_guidelines/PA166219301.json', '/home/mouna/projet_memoire/data/cpic_guidelines/PA166219103.json']",texte_ambigu,CPIC
CYP2C19,pantoprazole,coherent_apres_nettoyage,"['ADAPTER_DOSE', 'SURVEILLER']",4,Coherence retablie par suppression des lignes invalides,plusieurs_fichiers,"['/home/mouna/projet_memoire/data/cpic_guidelines/PA166104958.json', '/home/mouna/projet_memoire/data/cpic_guidelines/PA166219103.json']",texte_ambigu,CPIC
CYP2C19,sertraline,coherent_apres_nettoyage,['ADAPTER_DOSE'],2,Coherence retablie par suppression des lignes invalides,plusieurs_fichiers,"['/home/mouna/projet_memoire/data/cpic_guidelines/PA166127639.json', '/home/mouna/projet_memoire/data/cpic_guidelines/PA166104980.json']",resolu,CPIC
CYP2C9,ibuprofen,coherent_apres_nettoyage,['ADAPTER_DOSE'],3,Coherence retablie par suppression des lignes invalides,resolu,/home/mouna/projet_memoire/data/cpic_guidelines/PA166191841.json,resolu,CPIC
CYP2C9,meloxicam,coherent_apres_nettoyage,['ADAPTER_DOSE'],3,Coherence retablie par suppression des lignes invalides,resolu,/home/mouna/projet_memoire/data/cpic_guidelines/PA166192301.json,resolu,CPIC
CYP2D6,flecainide,coherent_apres_nettoyage,"['STANDARD', 'SURVEILLER']",3,Coherence retablie par suppression des lignes invalides,resolu,/home/mouna/projet_memoire/data/cpic_guidelines/PA166104969.json,resolu,DPWG
CYP2D6,fluvoxamine,coherent_apres_nettoyage,['ADAPTER_DOSE'],3,Coherence retablie par suppression des lignes invalides,plusieurs_fichiers,"['/home/mouna/projet_memoire/data/cpic_guidelines/PA166127637.json', '/home/mouna/projet_memoire/data/cpic_guidelines/PA166182813.json']",resolu,CPIC
CYP2D6,haloperidol,coherent_apres_nettoyage,['STANDARD'],5,Coherence retablie par suppression des lignes invalides,resolu,/home/mouna/projet_memoire/data/cpic_guidelines/PA166104988.json,resolu,DPWG
CYP2D6,metoprolol,coherent_apres_nettoyage,['ADAPTER_DOSE'],4,Coherence retablie par suppression des lignes invalides,plusieurs_fichiers,"['/home/mouna/projet_memoire/data/cpic_guidelines/PA166104995.json', '/home/mouna/projet_memoire/data/cpic_guidelines/PA166341321.json']",resolu,CPIC
CYP2D6,paroxetine,coherent_apres_nettoyage,['ADAPTER_DOSE'],4,Coherence retablie par suppression des lignes invalides,plusieurs_fichiers,"['/home/mouna/projet_memoire/data/cpic_guidelines/PA166127636.json', '/home/mouna/projet_memoire/data/cpic_guidelines/PA166104976.json']",resolu,CPIC
CYP2D6,propafenone,coherent_apres_nettoyage,"['ADAPTER_DOSE', 'SURVEILLER']",3,Coherence retablie par suppression des lignes invalides,resolu,/home/mouna/projet_memoire/data/cpic_guidelines/PA166104962.json,resolu,DPWG
CYP2D6,risperidone,coherent_apres_nettoyage,['ADAPTER_DOSE'],4,Coherence retablie par suppression des lignes invalides,resolu,/home/mouna/projet_memoire/data/cpic_guidelines/PA166104943.json,resolu,DPWG
CYP2D6,zuclopenthixol,coherent_apres_nettoyage,['STANDARD'],5,Coherence retablie par suppression des lignes invalides,resolu,/home/mouna/projet_memoire/data/cpic_guidelines/PA166104992.json,resolu,DPWG
DPYD,capecitabine,coherent_apres_nettoyage,['SURVEILLER'],8,Coherence retablie par suppression des lignes invalides,plusieurs_fichiers,"['/home/mouna/projet_memoire/data/cpic_guidelines/PA166202721.json', '/home/mouna/projet_memoire/data/cpic_guidelines/PA166109594.json', '/home/mouna/projet_memoire/data/cpic_guidelines/PA166254881.json', '/home/mouna/projet_memoire/data/cpic_guidelines/PA166104963.json', '/home/mouna/projet_memoire/data/cpic_guidelines/PA166312801.json']",resolu,CPIC
DPYD,fluorouracil,coherent_apres_nettoyage,['SURVEILLER'],10,Coherence retablie par suppression des lignes invalides,plusieurs_fichiers,"['/home/mouna/projet_memoire/data/cpic_guidelines/PA166202721.json', '/home/mouna/projet_memoire/data/cpic_guidelines/PA166254881.json', '/home/mouna/projet_memoire/data/cpic_guidelines/PA166312801.json', '/home/mouna/projet_memoire/data/cpic_guidelines/PA166122686.json', '/home/mouna/projet_memoire/data/cpic_guidelines/PA166104939.json']",resolu,CPIC
G6PD,aminosalicylic acid,coherent_apres_nettoyage,"['EVITER', 'SURVEILLER']",1,Coherence retablie par suppression des lignes invalides,resolu,/home/mouna/projet_memoire/data/cpic_guidelines/PA166279741.json,resolu,CPIC
G6PD,aspirin,coherent_apres_nettoyage,"['EVITER', 'SURVEILLER']",0,Coherence retablie par suppression des lignes invalides,resolu,/home/mouna/projet_memoire/data/cpic_guidelines/PA166279561.json,resolu,CPIC
G6PD,chloramphenicol,coherent_apres_nettoyage,"['EVITER', 'SURVEILLER']",1,Coherence retablie par suppression des lignes invalides,resolu,/home/mouna/projet_memoire/data/cpic_guidelines/PA166279741.json,resolu,CPIC
G6PD,chloroquine,coherent_apres_nettoyage,"['EVITER', 'SURVEILLER']",1,Coherence retablie par suppression des lignes invalides,resolu,/home/mouna/projet_memoire/data/cpic_guidelines/PA166279741.json,resolu,CPIC
G6PD,ciprofloxacin,coherent_apres_nettoyage,"['EVITER', 'SURVEILLER']",1,Coherence retablie par suppression des lignes invalides,resolu,/home/mouna/projet_memoire/data/cpic_guidelines/PA166279741.json,resolu,CPIC
G6PD,dapsone,coherent_apres_nettoyage,['EVITER'],1,Coherence retablie par suppression des lignes invalides,resolu,/home/mouna/projet_memoire/data/cpic_guidelines/PA166119846.json,resolu,CPIC
G6PD,dimercaprol,coherent_apres_nettoyage,"['EVITER', 'SURVEILLER']",1,Coherence retablie par suppression des lignes invalides,resolu,/home/mouna/projet_memoire/data/cpic_guidelines/PA166279741.json,resolu,CPIC
G6PD,doxorubicin,coherent_apres_nettoyage,"['EVITER', 'SURVEILLER']",0,Coherence retablie par suppression des lignes invalides,resolu,/home/mouna/projet_memoire/data/cpic_guidelines/PA166279741.json,resolu,CPIC
G6PD,furazolidone,coherent_apres_nettoyage,"['EVITER', 'SURVEILLER']",1,Coherence retablie par suppression des lignes invalides,resolu,/home/mouna/projet_memoire/data/cpic_guidelines/PA166279741.json,resolu,CPIC
G6PD,glyburide,coherent_apres_nettoyage,"['EVITER', 'SURVEILLER']",0,Coherence retablie par suppression des lignes invalides,resolu,/home/mouna/projet_memoire/data/cpic_guidelines/PA166279741.json,resolu,CPIC
G6PD,hydroxychloroquine,coherent_apres_nettoyage,"['EVITER', 'SURVEILLER']",0,Coherence retablie par suppression des lignes invalides,resolu,/home/mouna/projet_memoire/data/cpic_guidelines/PA166279741.json,resolu,CPIC
G6PD,mafenide,coherent_apres_nettoyage,"['EVITER', 'SURVEILLER']",1,Coherence retablie par suppression des lignes invalides,resolu,/home/mouna/projet_memoire/data/cpic_guidelines/PA166279741.json,resolu,CPIC
G6PD,methylene blue,coherent_apres_nettoyage,['EVITER'],1,Coherence retablie par suppression des lignes invalides,resolu,/home/mouna/projet_memoire/data/cpic_guidelines/PA166119846.json,resolu,CPIC
G6PD,nalidixic acid,coherent_apres_nettoyage,"['EVITER', 'SURVEILLER']",1,Coherence retablie par suppression des lignes invalides,resolu,/home/mouna/projet_memoire/data/cpic_guidelines/PA166279741.json,resolu,CPIC
G6PD,nitrofurantoin,coherent_apres_nettoyage,['EVITER'],1,Coherence retablie par suppression des lignes invalides,resolu,/home/mouna/projet_memoire/data/cpic_guidelines/PA166279721.json,resolu,CPIC
G6PD,norfloxacin,coherent_apres_nettoyage,"['EVITER', 'SURVEILLER']",1,Coherence retablie par suppression des lignes invalides,resolu,/home/mouna/projet_memoire/data/cpic_guidelines/PA166279741.json,resolu,CPIC
G6PD,ofloxacin,coherent_apres_nettoyage,"['EVITER', 'SURVEILLER']",1,Coherence retablie par suppression des lignes invalides,resolu,/home/mouna/projet_memoire/data/cpic_guidelines/PA166279741.json,resolu,CPIC
G6PD,pegloticase,coherent_apres_nettoyage,['EVITER'],1,Coherence retablie par suppression des lignes invalides,resolu,/home/mouna/projet_memoire/data/cpic_guidelines/PA166119846.json,resolu,CPIC
G6PD,phenazopyridine,coherent_apres_nettoyage,"['EVITER', 'SURVEILLER']",1,Coherence retablie par suppression des lignes invalides,resolu,/home/mouna/projet_memoire/data/cpic_guidelines/PA166279741.json,resolu,CPIC
G6PD,primaquine,coherent_apres_nettoyage,['EVITER'],0,Coherence retablie par suppression des lignes invalides,resolu,/home/mouna/projet_memoire/data/cpic_guidelines/PA166279621.json,resolu,CPIC
G6PD,quinine,coherent_apres_nettoyage,"['EVITER', 'SURVEILLER']",1,Coherence retablie par suppression des lignes invalides,resolu,/home/mouna/projet_memoire/data/cpic_guidelines/PA166279741.json,resolu,CPIC
G6PD,rasburicase,coherent_apres_nettoyage,['EVITER'],1,Coherence retablie par suppression des lignes invalides,resolu,/home/mouna/projet_memoire/data/cpic_guidelines/PA166119846.json,resolu,CPIC
G6PD,sulfadiazine,coherent_apres_nettoyage,"['EVITER', 'SURVEILLER']",1,Coherence retablie par suppression des lignes invalides,resolu,/home/mouna/projet_memoire/data/cpic_guidelines/PA166279741.json,resolu,CPIC
G6PD,sulfamethazine,coherent_apres_nettoyage,"['EVITER', 'SURVEILLER']",1,Coherence retablie par suppression des lignes invalides,resolu,/home/mouna/projet_memoire/data/cpic_guidelines/PA166279741.json,resolu,CPIC
G6PD,sulfamethoxazole,coherent_apres_nettoyage,"['EVITER', 'SURVEILLER']",1,Coherence retablie par suppression des lignes invalides,resolu,/home/mouna/projet_memoire/data/cpic_guidelines/PA166279741.json,resolu,CPIC
G6PD,sulfamethoxazole / trimethoprim,coherent_apres_nettoyage,"['EVITER', 'SURVEILLER']",1,Coherence retablie par suppression des lignes invalides,resolu,/home/mouna/projet_memoire/data/cpic_guidelines/PA166279741.json,resolu,CPIC
G6PD,sulfanilamide,coherent_apres_nettoyage,"['EVITER', 'SURVEILLER']",1,Coherence retablie par suppression des lignes invalides,resolu,/home/mouna/projet_memoire/data/cpic_guidelines/PA166279741.json,resolu,CPIC
G6PD,sulfasalazine,coherent_apres_nettoyage,"['EVITER', 'SURVEILLER']",1,Coherence retablie par suppression des lignes invalides,resolu,/home/mouna/projet_memoire/data/cpic_guidelines/PA166279741.json,resolu,CPIC
G6PD,sulfisoxazole,coherent_apres_nettoyage,"['EVITER', 'SURVEILLER']",1,Coherence retablie par suppression des lignes invalides,resolu,/home/mouna/projet_memoire/data/cpic_guidelines/PA166279741.json,resolu,CPIC
G6PD,tafenoquine,coherent_apres_nettoyage,['EVITER'],1,Coherence retablie par suppression des lignes invalides,resolu,/home/mouna/projet_memoire/data/cpic_guidelines/PA166119846.json,resolu,CPIC
G6PD,tolbutamide,coherent_apres_nettoyage,"['EVITER', 'SURVEILLER']",0,Coherence retablie par suppression des lignes invalides,resolu,/home/mouna/projet_memoire/data/cpic_guidelines/PA166279741.json,resolu,CPIC
G6PD,toluidine blue,coherent_apres_nettoyage,['EVITER'],1,Coherence retablie par suppression des lignes invalides,resolu,/home/mouna/projet_memoire/data/cpic_guidelines/PA166119846.json,resolu,CPIC
G6PD,vitamin c,coherent_apres_nettoyage,"['EVITER', 'SURVEILLER']",1,Coherence retablie par suppression des lignes invalides,resolu,/home/mouna/projet_memoire/data/cpic_guidelines/PA166279741.json,resolu,CPIC
G6PD,vitamin k and analogues,coherent_apres_nettoyage,"['EVITER', 'SURVEILLER']",1,Coherence retablie par suppression des lignes invalides,resolu,/home/mouna/projet_memoire/data/cpic_guidelines/PA166279741.json,resolu,CPIC
HLA-B,allopurinol,coherent_apres_nettoyage,['EVITER'],1,Coherence retablie par suppression des lignes invalides,plusieurs_fichiers,"['/home/mouna/projet_memoire/data/cpic_guidelines/PA166422161.json', '/home/mouna/projet_memoire/data/cpic_guidelines/PA166265141.json', '/home/mouna/projet_memoire/data/cpic_guidelines/PA166105003.json', '/home/mouna/projet_memoire/data/cpic_guidelines/PA166104993.json']",resolu,CPIC
NAT2,hydralazine,coherent_apres_nettoyage,['ADAPTER_DOSE'],4,Coherence retablie par suppression des lignes invalides,texte_ambigu,/home/mouna/projet_memoire/data/cpic_guidelines/PA166416341.json,resolu,CPIC
NUDT15,azathioprine,coherent_apres_nettoyage,['ADAPTER_DOSE'],3,Coherence retablie par suppression des lignes invalides,plusieurs_fichiers,"['/home/mouna/projet_memoire/data/cpic_guidelines/PA166184614.json', '/home/mouna/projet_memoire/data/cpic_guidelines/PA166104933.json']",resolu,CPIC
NUDT15,mercaptopurine,coherent_apres_nettoyage,['ADAPTER_DOSE'],3,Coherence retablie par suppression des lignes invalides,plusieurs_fichiers,"['/home/mouna/projet_memoire/data/cpic_guidelines/PA166104945.json', '/home/mouna/projet_memoire/data/cpic_guidelines/PA166184613.json']",resolu,CPIC
NUDT15,thioguanine,coherent_apres_nettoyage,['ADAPTER_DOSE'],1,Coherence retablie par suppression des lignes invalides,plusieurs_fichiers,"['/home/mouna/projet_memoire/data/cpic_guidelines/PA166184612.json', '/home/mouna/projet_memoire/data/cpic_guidelines/PA166104965.json']",resolu,CPIC
RYR1,desflurane,coherent_apres_nettoyage,['EVITER'],2,Coherence retablie par suppression des lignes invalides,resolu,/home/mouna/projet_memoire/data/cpic_guidelines/PA166303941.json,resolu,CPIC
RYR1,enflurane,coherent_apres_nettoyage,['EVITER'],1,Coherence retablie par suppression des lignes invalides,resolu,/home/mouna/projet_memoire/data/cpic_guidelines/PA166303941.json,resolu,CPIC
RYR1,halothane,coherent_apres_nettoyage,['EVITER'],2,Coherence retablie par suppression des lignes invalides,resolu,/home/mouna/projet_memoire/data/cpic_guidelines/PA166303941.json,resolu,CPIC
RYR1,isoflurane,coherent_apres_nettoyage,['EVITER'],2,Coherence retablie par suppression des lignes invalides,resolu,/home/mouna/projet_memoire/data/cpic_guidelines/PA166303941.json,resolu,CPIC
RYR1,methoxyflurane,coherent_apres_nettoyage,['EVITER'],1,Coherence retablie par suppression des lignes invalides,resolu,/home/mouna/projet_memoire/data/cpic_guidelines/PA166303941.json,resolu,CPIC
RYR1,sevoflurane,coherent_apres_nettoyage,['EVITER'],1,Coherence retablie par suppression des lignes invalides,resolu,/home/mouna/projet_memoire/data/cpic_guidelines/PA166303941.json,resolu,CPIC
RYR1,succinylcholine,coherent_apres_nettoyage,['EVITER'],1,Coherence retablie par suppression des lignes invalides,resolu,/home/mouna/projet_memoire/data/cpic_guidelines/PA166303941.json,resolu,CPIC
RYR1,succinylcholine chloride,coherent_apres_nettoyage,['EVITER'],2,Coherence retablie par suppression des lignes invalides,aucun_fichier_trouve,,resolu,CPIC
SLCO1B1,atorvastatin,coherent_apres_nettoyage,['ADAPTER_DOSE'],3,Coherence retablie par suppression des lignes invalides,plusieurs_fichiers,"['/home/mouna/projet_memoire/data/cpic_guidelines/PA166262221.json', '/home/mouna/projet_memoire/data/cpic_guidelines/PA166182843.json']",texte_ambigu,CPIC
SLCO1B1,pravastatin,coherent_apres_nettoyage,['ADAPTER_DOSE'],5,Coherence retablie par suppression des lignes invalides,plusieurs_fichiers,"['/home/mouna/projet_memoire/data/cpic_guidelines/PA166363201.json', '/home/mouna/projet_memoire/data/cpic_guidelines/PA166262281.json']",resolu,CPIC
SLCO1B1,rosuvastatin,coherent_apres_nettoyage,['ADAPTER_DOSE'],4,Coherence retablie par suppression des lignes invalides,plusieurs_fichiers,"['/home/mouna/projet_memoire/data/cpic_guidelines/PA166262321.json', '/home/mouna/projet_memoire/data/cpic_guidelines/PA166363221.json']",texte_ambigu,CPIC
TPMT,azathioprine,coherent_apres_nettoyage,['ADAPTER_DOSE'],5,Coherence retablie par suppression des lignes invalides,plusieurs_fichiers,"['/home/mouna/projet_memoire/data/cpic_guidelines/PA166202521.json', '/home/mouna/projet_memoire/data/cpic_guidelines/PA166104933.json', '/home/mouna/projet_memoire/data/cpic_guidelines/PA166104934.json']",resolu,CPIC
TPMT,mercaptopurine,coherent_apres_nettoyage,['ADAPTER_DOSE'],5,Coherence retablie par suppression des lignes invalides,plusieurs_fichiers,"['/home/mouna/projet_memoire/data/cpic_guidelines/PA166104952.json', '/home/mouna/projet_memoire/data/cpic_guidelines/PA166202761.json', '/home/mouna/projet_memoire/data/cpic_guidelines/PA166104945.json']",resolu,CPIC
TPMT,thioguanine,coherent_apres_nettoyage,['ADAPTER_DOSE'],3,Coherence retablie par suppression des lignes invalides,plusieurs_fichiers,"['/home/mouna/projet_memoire/data/cpic_guidelines/PA166104960.json', '/home/mouna/projet_memoire/data/cpic_guidelines/PA166104965.json']",resolu,CPIC
UGT1A1,irinotecan,coherent_apres_nettoyage,['ADAPTER_DOSE'],4,Coherence retablie par suppression des lignes invalides,plusieurs_fichiers,"['/home/mouna/projet_memoire/data/cpic_guidelines/PA166312821.json', '/home/mouna/projet_memoire/data/cpic_guidelines/PA166104951.json', '/home/mouna/projet_memoire/data/cpic_guidelines/PA166127626.json']",resolu,DPWG
VKORC1,acenocoumarol,coherent_apres_nettoyage,['SURVEILLER'],4,Coherence retablie par suppression des lignes invalides,plusieurs_fichiers,"['/home/mouna/projet_memoire/data/cpic_guidelines/PA166202621.json', '/home/mouna/projet_memoire/data/cpic_guidelines/PA166104938.json']",texte_ambigu,DPWG
VKORC1,phenprocoumon,coherent_apres_nettoyage,['SURVEILLER'],5,Coherence retablie par suppression des lignes invalides,resolu,/home/mouna/projet_memoire/data/cpic_guidelines/PA166104940.json,resolu,DPWG
CYP2C19,mavacamten,conflit_persiste_niveau3,"['ADAPTER_DOSE', 'EVITER']",1,Actions multiples legitimes selon le phenotype — non reductible a une action unique,plusieurs_fichiers,"['/home/mouna/projet_memoire/data/cpic_guidelines/PA166418081.json', '/home/mouna/projet_memoire/data/cpic_guidelines/PA166360361.json']",resolu,DPWG
CYP2C19,voriconazole,conflit_persiste_niveau3,"['ADAPTER_DOSE', 'EVITER', 'SURVEILLER']",1,Actions multiples legitimes selon le phenotype — non reductible a une action unique,plusieurs_fichiers,"['/home/mouna/projet_memoire/data/cpic_guidelines/PA166257241.json', '/home/mouna/projet_memoire/data/cpic_guidelines/PA166161537.json', '/home/mouna/projet_memoire/data/cpic_guidelines/PA166104990.json']",resolu,CPIC
CYP2C9,fluvastatin,conflit_persiste_niveau3,"['ADAPTER_DOSE', 'EVITER']",1,Actions multiples legitimes selon le phenotype — non reductible a une action unique,resolu,/home/mouna/projet_memoire/data/cpic_guidelines/PA166262341.json,resolu,CPIC
CYP2D6,tamoxifen,conflit_persiste_niveau3,"['ADAPTER_DOSE', 'EVITER']",1,Actions multiples legitimes selon le phenotype — non reductible a une action unique,plusieurs_fichiers,"['/home/mouna/projet_memoire/data/cpic_guidelines/PA166202801.json', '/home/mouna/projet_memoire/data/cpic_guidelines/PA166104966.json', '/home/mouna/projet_memoire/data/cpic_guidelines/PA166176068.json', '/home/mouna/projet_memoire/data/cpic_guidelines/PA166181721.json']",resolu,CPIC
CYP3A5,tacrolimus,conflit_persiste_niveau3,"['ADAPTER_DOSE', 'SURVEILLER']",2,Actions multiples legitimes selon le phenotype — non reductible a une action unique,plusieurs_fichiers,"['/home/mouna/projet_memoire/data/cpic_guidelines/PA166202481.json', '/home/mouna/projet_memoire/data/cpic_guidelines/PA166104983.json', '/home/mouna/projet_memoire/data/cpic_guidelines/PA166124619.json']",resolu,CPIC
SLCO1B1,fluvastatin,conflit_persiste_niveau3,"['ADAPTER_DOSE', 'EVITER']",0,Actions multiples legitimes selon le phenotype — non reductible a une action unique,plusieurs_fichiers,"['/home/mouna/projet_memoire/data/cpic_guidelines/PA166262341.json', '/home/mouna/projet_memoire/data/cpic_guidelines/PA166182845.json']",resolu,CPIC
ABCG2,allopurinol,texte_sans_signal,,0,Guideline trouvee mais aucune action extractible du texte,resolu,/home/mouna/projet_memoire/data/cpic_guidelines/PA166264961.json,resolu,DPWG
CYP1A2,clozapine,texte_sans_signal,,0,Guideline trouvee mais aucune action extractible du texte,resolu,/home/mouna/projet_memoire/data/cpic_guidelines/PA166265241.json,resolu,DPWG
CYP1A2,olanzapine,texte_sans_signal,,0,Guideline trouvee mais aucune action extractible du texte,texte_ambigu,/home/mouna/projet_memoire/data/cpic_guidelines/PA166265221.json,texte_ambigu,DPWG
CYP2B6,efavirenz,texte_sans_signal,,0,Guideline trouvee mais aucune action extractible du texte,plusieurs_fichiers,"['/home/mouna/projet_memoire/data/cpic_guidelines/PA166182603.json', '/home/mouna/projet_memoire/data/cpic_guidelines/PA166182846.json']",resolu,CPIC
CYP2B6,methadone,texte_sans_signal,,0,Guideline trouvee mais aucune action extractible du texte,texte_ambigu,/home/mouna/projet_memoire/data/cpic_guidelines/PA166345801.json,texte_ambigu,CPIC
CYP2C19,amitriptyline,texte_sans_signal,,0,Guideline trouvee mais aucune action extractible du texte,plusieurs_fichiers,"['/home/mouna/projet_memoire/data/cpic_guidelines/PA166184526.json', '/home/mouna/projet_memoire/data/cpic_guidelines/PA166105006.json']",resolu,CPIC
CYP2C19,citalopram,texte_sans_signal,,0,Guideline trouvee mais aucune action extractible du texte,plusieurs_fichiers,"['/home/mouna/projet_memoire/data/cpic_guidelines/PA166104975.json', '/home/mouna/projet_memoire/data/cpic_guidelines/PA166127638.json', '/home/mouna/projet_memoire/data/cpic_guidelines/PA166104977.json']",resolu,CPIC
CYP2C19,clomipramine,texte_sans_signal,,0,Guideline trouvee mais aucune action extractible du texte,plusieurs_fichiers,"['/home/mouna/projet_memoire/data/cpic_guidelines/PA166105007.json', '/home/mouna/projet_memoire/data/cpic_guidelines/PA166184528.json']",resolu,CPIC
CYP2C19,doxepin hydrochloride,texte_sans_signal,,0,Guideline trouvee mais aucune action extractible du texte,aucun_fichier_trouve,,resolu,CPIC
CYP2C19,escitalopram,texte_sans_signal,,0,Guideline trouvee mais aucune action extractible du texte,plusieurs_fichiers,"['/home/mouna/projet_memoire/data/cpic_guidelines/PA166104975.json', '/home/mouna/projet_memoire/data/cpic_guidelines/PA166127638.json']",resolu,CPIC
CYP2C19,esomeprazole,texte_sans_signal,,0,Guideline trouvee mais aucune action extractible du texte,plusieurs_fichiers,"['/home/mouna/projet_memoire/data/cpic_guidelines/PA166220321.json', '/home/mouna/projet_memoire/data/cpic_guidelines/PA166104931.json']",texte_ambigu,CPIC
CYP2C19,esomeprazole magnesium,texte_sans_signal,,0,Guideline trouvee mais aucune action extractible du texte,aucun_fichier_trouve,,texte_ambigu,CPIC
CYP2C19,imipramine,texte_sans_signal,,0,Guideline trouvee mais aucune action extractible du texte,plusieurs_fichiers,"['/home/mouna/projet_memoire/data/cpic_guidelines/PA166104999.json', '/home/mouna/projet_memoire/data/cpic_guidelines/PA166104954.json', '/home/mouna/projet_memoire/data/cpic_guidelines/PA166105001.json']",resolu,CPIC
CYP2C19,moclobemide,texte_sans_signal,,0,Guideline trouvee mais aucune action extractible du texte,texte_ambigu,/home/mouna/projet_memoire/data/cpic_guidelines/PA166104941.json,texte_ambigu,DPWG
CYP2C19,omeprazole,texte_sans_signal,,0,Guideline trouvee mais aucune action extractible du texte,plusieurs_fichiers,"['/home/mouna/projet_memoire/data/cpic_guidelines/PA166220321.json', '/home/mouna/projet_memoire/data/cpic_guidelines/PA166104957.json', '/home/mouna/projet_memoire/data/cpic_guidelines/PA166219103.json', '/home/mouna/projet_memoire/data/cpic_guidelines/PA166104931.json']",texte_ambigu,CPIC
CYP2C19,prasugrel,texte_sans_signal,,0,Guideline trouvee mais aucune action extractible du texte,texte_ambigu,/home/mouna/projet_memoire/data/cpic_guidelines/PA166182820.json,texte_ambigu,DPWG
CYP2C19,rabeprazole,texte_sans_signal,,0,Guideline trouvee mais aucune action extractible du texte,plusieurs_fichiers,"['/home/mouna/projet_memoire/data/cpic_guidelines/PA166220321.json', '/home/mouna/projet_memoire/data/cpic_guidelines/PA166104985.json']",texte_ambigu,CPIC
CYP2C19,ticagrelor,texte_sans_signal,,0,Guideline trouvee mais aucune action extractible du texte,texte_ambigu,/home/mouna/projet_memoire/data/cpic_guidelines/PA166182807.json,texte_ambigu,DPWG
CYP2C9,acenocoumarol,texte_sans_signal,,0,Guideline trouvee mais aucune action extractible du texte,plusieurs_fichiers,"['/home/mouna/projet_memoire/data/cpic_guidelines/PA166202621.json', '/home/mouna/projet_memoire/data/cpic_guidelines/PA166104979.json']",texte_ambigu,DPWG
CYP2C9,diclofenac,texte_sans_signal,,0,Guideline trouvee mais aucune action extractible du texte,texte_ambigu,/home/mouna/projet_memoire/data/cpic_guidelines/PA166222201.json,texte_ambigu,CPIC
CYP2C9,extended phenytoin sodium,texte_sans_signal,,0,Guideline trouvee mais aucune action extractible du texte,aucun_fichier_trouve,,resolu,CPIC
CYP2C9,gliclazide,texte_sans_signal,,0,Guideline trouvee mais aucune action extractible du texte,texte_ambigu,/home/mouna/projet_memoire/data/cpic_guidelines/PA166104971.json,texte_ambigu,DPWG
CYP2C9,glyburide,texte_sans_signal,,0,Guideline trouvee mais aucune action extractible du texte,texte_ambigu,/home/mouna/projet_memoire/data/cpic_guidelines/PA166104953.json,texte_ambigu,DPWG
CYP2C9,indomethacin,texte_sans_signal,,0,Guideline trouvee mais aucune action extractible du texte,texte_ambigu,/home/mouna/projet_memoire/data/cpic_guidelines/PA166222201.json,texte_ambigu,CPIC
CYP2C9,phenprocoumon,texte_sans_signal,,0,Guideline trouvee mais aucune action extractible du texte,texte_ambigu,/home/mouna/projet_memoire/data/cpic_guidelines/PA166105004.json,texte_ambigu,DPWG
CYP2C9,phenytoin,texte_sans_signal,,0,Guideline trouvee mais aucune action extractible du texte,plusieurs_fichiers,"['/home/mouna/projet_memoire/data/cpic_guidelines/PA166122806.json', '/home/mouna/projet_memoire/data/cpic_guidelines/PA166104984.json']",resolu,CPIC
CYP2C9,tolbutamide,texte_sans_signal,,0,Guideline trouvee mais aucune action extractible du texte,texte_ambigu,/home/mouna/projet_memoire/data/cpic_guidelines/PA166104986.json,texte_ambigu,DPWG
CYP2C9,warfarin,texte_sans_signal,,0,Guideline trouvee mais aucune action extractible du texte,plusieurs_fichiers,"['/home/mouna/projet_memoire/data/cpic_guidelines/PA166182842.json', '/home/mouna/projet_memoire/data/cpic_guidelines/PA166170752.json', '/home/mouna/projet_memoire/data/cpic_guidelines/PA166104949.json', '/home/mouna/projet_memoire/data/cpic_guidelines/PA166202621.json']",resolu,CPIC
CYP2C9,warfarin sodium,texte_sans_signal,,0,Guideline trouvee mais aucune action extractible du texte,aucun_fichier_trouve,,resolu,CPIC
CYP2D6,amitriptyline,texte_sans_signal,,0,Guideline trouvee mais aucune action extractible du texte,plusieurs_fichiers,"['/home/mouna/projet_memoire/data/cpic_guidelines/PA166104982.json', '/home/mouna/projet_memoire/data/cpic_guidelines/PA166105006.json']",resolu,CPIC
CYP2D6,aripiprazole,texte_sans_signal,,0,Guideline trouvee mais aucune action extractible du texte,texte_ambigu,/home/mouna/projet_memoire/data/cpic_guidelines/PA166104937.json,resolu,DPWG
CYP2D6,atomoxetine,texte_sans_signal,,0,Guideline trouvee mais aucune action extractible du texte,plusieurs_fichiers,"['/home/mouna/projet_memoire/data/cpic_guidelines/PA166181885.json', '/home/mouna/projet_memoire/data/cpic_guidelines/PA166104989.json']",resolu,CPIC
CYP2D6,bisoprolol,texte_sans_signal,,0,Guideline trouvee mais aucune action extractible du texte,plusieurs_fichiers,"['/home/mouna/projet_memoire/data/cpic_guidelines/PA166341341.json', '/home/mouna/projet_memoire/data/cpic_guidelines/PA166182816.json']",resolu,CPIC
CYP2D6,carvedilol,texte_sans_signal,,0,Guideline trouvee mais aucune action extractible du texte,plusieurs_fichiers,"['/home/mouna/projet_memoire/data/cpic_guidelines/PA166341341.json', '/home/mouna/projet_memoire/data/cpic_guidelines/PA166104974.json']",resolu,CPIC
CYP2D6,citalopram,texte_sans_signal,,0,Guideline trouvee mais aucune action extractible du texte,texte_ambigu,/home/mouna/projet_memoire/data/cpic_guidelines/PA166182817.json,texte_ambigu,DPWG
CYP2D6,clomipramine,texte_sans_signal,,0,Guideline trouvee mais aucune action extractible du texte,plusieurs_fichiers,"['/home/mouna/projet_memoire/data/cpic_guidelines/PA166104964.json', '/home/mouna/projet_memoire/data/cpic_guidelines/PA166105007.json']",resolu,CPIC
CYP2D6,clozapine,texte_sans_signal,,0,Guideline trouvee mais aucune action extractible du texte,texte_ambigu,/home/mouna/projet_memoire/data/cpic_guidelines/PA166104935.json,texte_ambigu,DPWG
CYP2D6,codeine,texte_sans_signal,,0,Guideline trouvee mais aucune action extractible du texte,plusieurs_fichiers,"['/home/mouna/projet_memoire/data/cpic_guidelines/PA166122666.json', '/home/mouna/projet_memoire/data/cpic_guidelines/PA166104970.json', '/home/mouna/projet_memoire/data/cpic_guidelines/PA166104996.json']",resolu,CPIC
CYP2D6,desipramine,texte_sans_signal,,0,Guideline trouvee mais aucune action extractible du texte,resolu,/home/mouna/projet_memoire/data/cpic_guidelines/PA166105002.json,resolu,CPIC
CYP2D6,doxepin,texte_sans_signal,,0,Guideline trouvee mais aucune action extractible du texte,plusieurs_fichiers,"['/home/mouna/projet_memoire/data/cpic_guidelines/PA166104994.json', '/home/mouna/projet_memoire/data/cpic_guidelines/PA166105000.json']",resolu,CPIC
CYP2D6,doxepin hydrochloride,texte_sans_signal,,0,Guideline trouvee mais aucune action extractible du texte,aucun_fichier_trouve,,resolu,CPIC
CYP2D6,duloxetine,texte_sans_signal,,0,Guideline trouvee mais aucune action extractible du texte,plusieurs_fichiers,"['/home/mouna/projet_memoire/data/cpic_guidelines/PA166104942.json', '/home/mouna/projet_memoire/data/cpic_guidelines/PA166288561.json']",texte_ambigu,CPIC
CYP2D6,escitalopram,texte_sans_signal,,0,Guideline trouvee mais aucune action extractible du texte,texte_ambigu,/home/mouna/projet_memoire/data/cpic_guidelines/PA166182817.json,texte_ambigu,DPWG
CYP2D6,fluoxetine,texte_sans_signal,,0,Guideline trouvee mais aucune action extractible du texte,plusieurs_fichiers,"['/home/mouna/projet_memoire/data/cpic_guidelines/PA166288541.json', '/home/mouna/projet_memoire/data/cpic_guidelines/PA166182852.json']",texte_ambigu,CPIC
CYP2D6,hydrocodone,texte_sans_signal,,0,Guideline trouvee mais aucune action extractible du texte,texte_ambigu,/home/mouna/projet_memoire/data/cpic_guidelines/PA166228121.json,texte_ambigu,CPIC
CYP2D6,imipramine,texte_sans_signal,,0,Guideline trouvee mais aucune action extractible du texte,plusieurs_fichiers,"['/home/mouna/projet_memoire/data/cpic_guidelines/PA166104999.json', '/home/mouna/projet_memoire/data/cpic_guidelines/PA166104972.json', '/home/mouna/projet_memoire/data/cpic_guidelines/PA166105001.json']",resolu,CPIC
CYP2D6,methadone,texte_sans_signal,,0,Guideline trouvee mais aucune action extractible du texte,texte_ambigu,/home/mouna/projet_memoire/data/cpic_guidelines/PA166228022.json,texte_ambigu,CPIC
CYP2D6,methylphenidate,texte_sans_signal,,0,Guideline trouvee mais aucune action extractible du texte,texte_ambigu,/home/mouna/projet_memoire/data/cpic_guidelines/PA166182808.json,texte_ambigu,DPWG
CYP2D6,mirtazapine,texte_sans_signal,,0,Guideline trouvee mais aucune action extractible du texte,texte_ambigu,/home/mouna/projet_memoire/data/cpic_guidelines/PA166104967.json,texte_ambigu,DPWG
CYP2D6,nortriptyline,texte_sans_signal,,0,Guideline trouvee mais aucune action extractible du texte,plusieurs_fichiers,"['/home/mouna/projet_memoire/data/cpic_guidelines/PA166104998.json', '/home/mouna/projet_memoire/data/cpic_guidelines/PA166104961.json']",resolu,CPIC
CYP2D6,ondansetron,texte_sans_signal,,0,Guideline trouvee mais aucune action extractible du texte,texte_ambigu,/home/mouna/projet_memoire/data/cpic_guidelines/PA166161954.json,texte_ambigu,CPIC
CYP2D6,ondansetron hydrochloride,texte_sans_signal,,0,Guideline trouvee mais aucune action extractible du texte,aucun_fichier_trouve,,texte_ambigu,CPIC
CYP2D6,oxycodone,texte_sans_signal,,0,Guideline trouvee mais aucune action extractible du texte,plusieurs_fichiers,"['/home/mouna/projet_memoire/data/cpic_guidelines/PA166104973.json', '/home/mouna/projet_memoire/data/cpic_guidelines/PA166228022.json']",texte_ambigu,CPIC
CYP2D6,propranolol hydrochloride,texte_sans_signal,,0,Guideline trouvee mais aucune action extractible du texte,aucun_fichier_trouve,,resolu,CPIC
CYP2D6,quetiapine,texte_sans_signal,,0,Guideline trouvee mais aucune action extractible du texte,texte_ambigu,/home/mouna/projet_memoire/data/cpic_guidelines/PA166182854.json,texte_ambigu,DPWG
CYP2D6,sertraline,texte_sans_signal,,0,Guideline trouvee mais aucune action extractible du texte,texte_ambigu,/home/mouna/projet_memoire/data/cpic_guidelines/PA166182821.json,texte_ambigu,DPWG
CYP2D6,tramadol,texte_sans_signal,,0,Guideline trouvee mais aucune action extractible du texte,plusieurs_fichiers,"['/home/mouna/projet_memoire/data/cpic_guidelines/PA166104959.json', '/home/mouna/projet_memoire/data/cpic_guidelines/PA166228101.json']",resolu,CPIC
CYP2D6,trimipramine,texte_sans_signal,,0,Guideline trouvee mais aucune action extractible du texte,resolu,/home/mouna/projet_memoire/data/cpic_guidelines/PA166105001.json,resolu,CPIC
CYP2D6,tropisetron,texte_sans_signal,,0,Guideline trouvee mais aucune action extractible du texte,texte_ambigu,/home/mouna/projet_memoire/data/cpic_guidelines/PA166161955.json,texte_ambigu,CPIC
CYP2D6,venlafaxine,texte_sans_signal,,0,Guideline trouvee mais aucune action extractible du texte,plusieurs_fichiers,"['/home/mouna/projet_memoire/data/cpic_guidelines/PA166104968.json', '/home/mouna/projet_memoire/data/cpic_guidelines/PA166288201.json']",resolu,CPIC
CYP3A4,atorvastatin,texte_sans_signal,,0,Guideline trouvee mais aucune action extractible du texte,texte_ambigu,/home/mouna/projet_memoire/data/cpic_guidelines/PA166273401.json,texte_ambigu,CPIC
CYP3A4,fluvastatin,texte_sans_signal,,0,Guideline trouvee mais aucune action extractible du texte,texte_ambigu,/home/mouna/projet_memoire/data/cpic_guidelines/PA166273401.json,texte_ambigu,CPIC
CYP3A4,quetiapine,texte_sans_signal,,0,Guideline trouvee mais aucune action extractible du texte,texte_ambigu,/home/mouna/projet_memoire/data/cpic_guidelines/PA166265421.json,texte_ambigu,DPWG
CYP3A4,simvastatin,texte_sans_signal,,0,Guideline trouvee mais aucune action extractible du texte,texte_ambigu,/home/mouna/projet_memoire/data/cpic_guidelines/PA166273401.json,texte_ambigu,CPIC
CYP3A4,tacrolimus,texte_sans_signal,,0,Guideline trouvee mais aucune action extractible du texte,resolu,/home/mouna/projet_memoire/data/cpic_guidelines/PA166202481.json,resolu,RNPGx
CYP3A5,atorvastatin,texte_sans_signal,,0,Guideline trouvee mais aucune action extractible du texte,texte_ambigu,/home/mouna/projet_memoire/data/cpic_guidelines/PA166273401.json,texte_ambigu,CPIC
CYP3A5,lovastatin,texte_sans_signal,,0,Guideline trouvee mais aucune action extractible du texte,texte_ambigu,/home/mouna/projet_memoire/data/cpic_guidelines/PA166273401.json,texte_ambigu,CPIC
CYP3A5,rosuvastatin,texte_sans_signal,,0,Guideline trouvee mais aucune action extractible du texte,texte_ambigu,/home/mouna/projet_memoire/data/cpic_guidelines/PA166273401.json,texte_ambigu,CPIC
CYP3A5,simvastatin,texte_sans_signal,,0,Guideline trouvee mais aucune action extractible du texte,texte_ambigu,/home/mouna/projet_memoire/data/cpic_guidelines/PA166273401.json,texte_ambigu,CPIC
CYP4F2,warfarin,texte_sans_signal,,0,Guideline trouvee mais aucune action extractible du texte,resolu,/home/mouna/projet_memoire/data/cpic_guidelines/PA166104949.json,resolu,CPIC
DPYD,tegafur,texte_sans_signal,,0,Guideline trouvee mais aucune action extractible du texte,plusieurs_fichiers,"['/home/mouna/projet_memoire/data/cpic_guidelines/PA166122687.json', '/home/mouna/projet_memoire/data/cpic_guidelines/PA166104944.json', '/home/mouna/projet_memoire/data/cpic_guidelines/PA166254881.json', '/home/mouna/projet_memoire/data/cpic_guidelines/PA166312801.json']",resolu,CPIC
HLA-A,carbamazepine,texte_sans_signal,,0,Guideline trouvee mais aucune action extractible du texte,plusieurs_fichiers,"['/home/mouna/projet_memoire/data/cpic_guidelines/PA166117280.json', '/home/mouna/projet_memoire/data/cpic_guidelines/PA166422201.json', '/home/mouna/projet_memoire/data/cpic_guidelines/PA166265161.json', '/home/mouna/projet_memoire/data/cpic_guidelines/PA166105008.json']",resolu,CPIC
HLA-B,oxcarbazepine,texte_sans_signal,,0,Guideline trouvee mais aucune action extractible du texte,plusieurs_fichiers,"['/home/mouna/projet_memoire/data/cpic_guidelines/PA166265201.json', '/home/mouna/projet_memoire/data/cpic_guidelines/PA166422201.json', '/home/mouna/projet_memoire/data/cpic_guidelines/PA166176623.json']",resolu,CPIC
SLCO1B1,lovastatin,texte_sans_signal,,0,Guideline trouvee mais aucune action extractible du texte,texte_ambigu,/home/mouna/projet_memoire/data/cpic_guidelines/PA166262241.json,texte_ambigu,CPIC
SLCO1B1,methotrexate,texte_sans_signal,,0,Guideline trouvee mais aucune action extractible du texte,texte_ambigu,/home/mouna/projet_memoire/data/cpic_guidelines/PA166202781.json,texte_ambigu,RNPGx
SLCO1B1,simvastatin,texte_sans_signal,,0,Guideline trouvee mais aucune action extractible du texte,plusieurs_fichiers,"['/home/mouna/projet_memoire/data/cpic_guidelines/PA166202561.json', '/home/mouna/projet_memoire/data/cpic_guidelines/PA166105005.json', '/home/mouna/projet_memoire/data/cpic_guidelines/PA166182844.json']",resolu,CPIC
VKORC1,fluindione,texte_sans_signal,,0,Guideline trouvee mais aucune action extractible du texte,resolu,/home/mouna/projet_memoire/data/cpic_guidelines/PA166202621.json,resolu,RNPGx
VKORC1,warfarin,texte_sans_signal,,0,Guideline trouvee mais aucune action extractible du texte,plusieurs_fichiers,"['/home/mouna/projet_memoire/data/cpic_guidelines/PA166170752.json', '/home/mouna/projet_memoire/data/cpic_guidelines/PA166182841.json', '/home/mouna/projet_memoire/data/cpic_guidelines/PA166104949.json', '/home/mouna/projet_memoire/data/cpic_guidelines/PA166202621.json']",resolu,CPIC
