medicament,n_lignes,fingerprint_disponible,dimension_fp,statut,est_metabolite,forme_saline_de,note
etanercept,2,False,,BIOLOGIQUE,False,,Proteine / anticorps / polymere / vaccin — hors perimetre Morgan FP
heparin,29,False,,BIOLOGIQUE,False,,Proteine / anticorps / polymere / vaccin — hors perimetre Morgan FP
interferon beta-1a,2,False,,BIOLOGIQUE,False,,Proteine / anticorps / polymere / vaccin — hors perimetre Morgan FP
measles vaccines,2,False,,BIOLOGIQUE,False,,Proteine / anticorps / polymere / vaccin — hors perimetre Morgan FP
mirvetuximab soravtansine,7,False,,BIOLOGIQUE,False,,Proteine / anticorps / polymere / vaccin — hors perimetre Morgan FP
peginterferon alfa-2a,3,False,,BIOLOGIQUE,False,,Proteine / anticorps / polymere / vaccin — hors perimetre Morgan FP
peginterferon alfa-2b,3,False,,BIOLOGIQUE,False,,Proteine / anticorps / polymere / vaccin — hors perimetre Morgan FP
pegloticase,1,False,,BIOLOGIQUE,False,,Proteine / anticorps / polymere / vaccin — hors perimetre Morgan FP
rasburicase,1,False,,BIOLOGIQUE,False,,Proteine / anticorps / polymere / vaccin — hors perimetre Morgan FP
rubella vaccines,2,False,,BIOLOGIQUE,False,,Proteine / anticorps / polymere / vaccin — hors perimetre Morgan FP
sacituzumab govitecan,1,False,,BIOLOGIQUE,False,,Proteine / anticorps / polymere / vaccin — hors perimetre Morgan FP
tebentafusp,2,False,,BIOLOGIQUE,False,,Proteine / anticorps / polymere / vaccin — hors perimetre Morgan FP
tocilizumab,7,False,,BIOLOGIQUE,False,,Proteine / anticorps / polymere / vaccin — hors perimetre Morgan FP
aminoglycoside antibacterials,1,False,,CLASSE_THERAPEUTIQUE,False,,Classe therapeutique — aucune structure chimique unique
anesthesiques,3,False,,CLASSE_THERAPEUTIQUE,False,,Classe therapeutique — aucune structure chimique unique
antidepressants,5,False,,CLASSE_THERAPEUTIQUE,False,,Classe therapeutique — aucune structure chimique unique
antiepileptics,1,False,,CLASSE_THERAPEUTIQUE,False,,Classe therapeutique — aucune structure chimique unique
antineoplastic agents,2,False,,CLASSE_THERAPEUTIQUE,False,,Classe therapeutique — aucune structure chimique unique
antipsychotics,4,False,,CLASSE_THERAPEUTIQUE,False,,Classe therapeutique — aucune structure chimique unique
bcr-abl tyrosine kinase inhibitors,3,False,,CLASSE_THERAPEUTIQUE,False,,Classe therapeutique — aucune structure chimique unique
dihydropyridine derivatives,2,False,,CLASSE_THERAPEUTIQUE,False,,Classe therapeutique — aucune structure chimique unique
drugs used in nicotine dependence,2,False,,CLASSE_THERAPEUTIQUE,False,,Classe therapeutique — aucune structure chimique unique
hmg-coa reductase inhibitors,5,False,,CLASSE_THERAPEUTIQUE,False,,Classe therapeutique — aucune structure chimique unique
non-nucleoside reverse transcriptase inhibitors,2,False,,CLASSE_THERAPEUTIQUE,False,,Classe therapeutique — aucune structure chimique unique
opioid anesthetics,2,False,,CLASSE_THERAPEUTIQUE,False,,Classe therapeutique — aucune structure chimique unique
other general anesthetics,2,False,,CLASSE_THERAPEUTIQUE,False,,Classe therapeutique — aucune structure chimique unique
proton pump inhibitors,2,False,,CLASSE_THERAPEUTIQUE,False,,Classe therapeutique — aucune structure chimique unique
purine analogues,2,False,,CLASSE_THERAPEUTIQUE,False,,Classe therapeutique — aucune structure chimique unique
selective serotonin reuptake inhibitors,2,False,,CLASSE_THERAPEUTIQUE,False,,Classe therapeutique — aucune structure chimique unique
sulfonamides,3,False,,CLASSE_THERAPEUTIQUE,False,,Classe therapeutique — aucune structure chimique unique
urea derivatives,3,False,,CLASSE_THERAPEUTIQUE,False,,Classe therapeutique — aucune structure chimique unique
vitamin k and analogues,1,False,,CLASSE_THERAPEUTIQUE,False,,Classe therapeutique — aucune structure chimique unique
volatile anesthetics,2,False,,CLASSE_THERAPEUTIQUE,False,,Classe therapeutique — aucune structure chimique unique
atazanavir / ritonavir,4,False,,COMBINAISON,False,,Association de plusieurs principes actifs
"dextroamphetamine saccharate, amphetamine aspartate, dextroamphetamine sulfate and amphetamine sulfate",1,False,,COMBINAISON,False,,Association de plusieurs principes actifs
elexacaftor / tezacaftor / ivacaftor,1,False,,COMBINAISON,False,,Association de plusieurs principes actifs
ivacaftor / lumacaftor,1,False,,COMBINAISON,False,,Association de plusieurs principes actifs
ivacaftor / tezacaftor,1,False,,COMBINAISON,False,,Association de plusieurs principes actifs
omeprazole/sodiium bicarbonate,3,False,,COMBINAISON,False,,Association de plusieurs principes actifs
serdexmethylphenidate and dexmethylphenidate,3,False,,COMBINAISON,False,,Association de plusieurs principes actifs
sitagliptin and metformin hydrochloride,1,False,,COMBINAISON,False,,Association de plusieurs principes actifs
sulfamethoxazole / trimethoprim,1,False,,COMBINAISON,False,,Association de plusieurs principes actifs
tegafur / gimeracil / oteracil,4,False,,COMBINAISON,False,,Association de plusieurs principes actifs
pantoprazole sodium granules,6,False,,FORME_GALENIQUE,False,pantoprazole sodium,Forme galenique du principe actif deja present dans le dataset
2-hydroxyatorvastatin lactone,3,False,,METABOLITE_SANS_FP,True,,Metabolite — structure disponible mais absente du referentiel PubChem interroge
4-dehydrocilostazol,2,False,,METABOLITE_SANS_FP,False,,Metabolite — structure disponible mais absente du referentiel PubChem interroge
4-hydroxyatorvastatin lactone,3,False,,METABOLITE_SANS_FP,True,,Metabolite — structure disponible mais absente du referentiel PubChem interroge
6-orthoquinone,2,False,,METABOLITE_SANS_FP,True,,Metabolite — structure disponible mais absente du referentiel PubChem interroge
alpha-hydroxy sertraline ketone,3,False,,METABOLITE_SANS_FP,True,,Metabolite — structure disponible mais absente du referentiel PubChem interroge
cotinine,3,False,,METABOLITE_SANS_FP,False,,Metabolite — structure disponible mais absente du referentiel PubChem interroge
desethyl hydroxychloroquine,2,False,,METABOLITE_SANS_FP,True,,Metabolite — structure disponible mais absente du referentiel PubChem interroge
erythro-4-hydroxyhydrobupropion,2,False,,METABOLITE_SANS_FP,True,,Metabolite — structure disponible mais absente du referentiel PubChem interroge
losartan e-3174,2,False,,METABOLITE_SANS_FP,False,,Metabolite — structure disponible mais absente du referentiel PubChem interroge
n-desalkylquetiapine,3,False,,METABOLITE_SANS_FP,True,,Metabolite — structure disponible mais absente du referentiel PubChem interroge
n-didesmethyltramadol,2,False,,METABOLITE_SANS_FP,True,,Metabolite — structure disponible mais absente du referentiel PubChem interroge
pentoxifylline m5,2,False,,METABOLITE_SANS_FP,False,,Metabolite — structure disponible mais absente du referentiel PubChem interroge
r-eddp,2,False,,METABOLITE_SANS_FP,True,,Metabolite — structure disponible mais absente du referentiel PubChem interroge
r-methylphenobarbital,2,False,,METABOLITE_SANS_FP,True,,Metabolite — structure disponible mais absente du referentiel PubChem interroge
r-norfluoxetine,2,False,,METABOLITE_SANS_FP,True,,Metabolite — structure disponible mais absente du referentiel PubChem interroge
raloxifene-4′-glucuronide,2,False,,METABOLITE_SANS_FP,False,,Metabolite — structure disponible mais absente du referentiel PubChem interroge
s-eddp,3,False,,METABOLITE_SANS_FP,True,,Metabolite — structure disponible mais absente du referentiel PubChem interroge
s-norfluoxetine,2,False,,METABOLITE_SANS_FP,True,,Metabolite — structure disponible mais absente du referentiel PubChem interroge
thioguanosine diphosphate,2,False,,METABOLITE_SANS_FP,True,,Metabolite — structure disponible mais absente du referentiel PubChem interroge
threo-4-hydroxyhydrobupropion,2,False,,METABOLITE_SANS_FP,True,,Metabolite — structure disponible mais absente du referentiel PubChem interroge
1-hydroxymidazolam,2,True,518,OK_FINGERPRINT,False,,
2-hydroxyatorvastatin,3,True,518,OK_FINGERPRINT,True,,
3-aminoisobutyrate,2,True,518,OK_FINGERPRINT,False,,
3-hydroxycotinine,2,True,518,OK_FINGERPRINT,False,,
3-hydroxycotinine glucuronide,2,True,518,OK_FINGERPRINT,False,,
4-hydroxyatorvastatin,2,True,518,OK_FINGERPRINT,True,,
4-hydroxybupropion,2,True,518,OK_FINGERPRINT,True,,
4-hydroxycyclophosphamide,2,True,518,OK_FINGERPRINT,True,,
4-hydroxytamoxifen,6,True,518,OK_FINGERPRINT,True,,
7-carboxycannabidiol,3,True,518,OK_FINGERPRINT,False,,
7-hydroxycannabidiol,2,True,518,OK_FINGERPRINT,False,,
abacavir,2,True,518,OK_FINGERPRINT,False,,
abrocitinib,8,True,518,OK_FINGERPRINT,False,,
acebutolol,2,True,518,OK_FINGERPRINT,False,,
aceclofenac,2,True,518,OK_FINGERPRINT,False,,
acenocoumarol,1152,True,518,OK_FINGERPRINT,False,,
acetylisoniazid,2,True,518,OK_FINGERPRINT,False,,
acyclovir,2,True,518,OK_FINGERPRINT,False,,
alectinib,2,True,518,OK_FINGERPRINT,False,,
allopurinol,301,True,518,OK_FINGERPRINT,False,,
alpha-hydroxymetoprolol,2,True,518,OK_FINGERPRINT,True,,
alprazolam,2,True,518,OK_FINGERPRINT,False,,
amikacin,1,True,518,OK_FINGERPRINT,False,,
aminosalicylic acid,1,True,518,OK_FINGERPRINT,False,,
amiodarone,2,True,518,OK_FINGERPRINT,False,,
amitriptyline,1114,True,518,OK_FINGERPRINT,False,,
amlodipine,3,True,518,OK_FINGERPRINT,False,,
amphetamine,2,True,518,OK_FINGERPRINT,False,,
amphetamine sulfate,1,True,518,OK_FINGERPRINT,False,amphetamine,
amprenavir,2,True,518,OK_FINGERPRINT,False,,
anastrozole,3,True,518,OK_FINGERPRINT,False,,
apatinib,3,True,518,OK_FINGERPRINT,False,,
apatinib metabolite m1-1,2,True,518,OK_FINGERPRINT,False,,
apixaban,6,True,518,OK_FINGERPRINT,False,,
apremilast,2,True,518,OK_FINGERPRINT,False,,
arformoterol tartrate,1,True,518,OK_FINGERPRINT,False,,
aripiprazole,4,True,518,OK_FINGERPRINT,False,,
artemether,2,True,518,OK_FINGERPRINT,False,,
aspirin,4,True,518,OK_FINGERPRINT,False,,
atazanavir,870,True,518,OK_FINGERPRINT,False,,
atenolol,2,True,518,OK_FINGERPRINT,False,,
atomoxetine,638,True,518,OK_FINGERPRINT,False,,
atomoxetine hydrochloride,5,True,518,OK_FINGERPRINT,False,atomoxetine,
atorvastatin,694,True,518,OK_FINGERPRINT,False,,
atorvastatin lactone,4,True,518,OK_FINGERPRINT,False,,
atrasentan,2,True,518,OK_FINGERPRINT,False,,
avatrombopag,2,True,518,OK_FINGERPRINT,False,,
axitinib,2,True,518,OK_FINGERPRINT,False,,
azacitidine for,1,True,518,OK_FINGERPRINT,False,,
azathioprine,329,True,518,OK_FINGERPRINT,False,,
azathioprine sodium,3,True,518,OK_FINGERPRINT,False,azathioprine,
belinostat,2,True,518,OK_FINGERPRINT,False,,
belzutifan,7,True,518,OK_FINGERPRINT,False,,
benzbromarone,2,True,518,OK_FINGERPRINT,False,,
berberine,2,True,518,OK_FINGERPRINT,False,,
betaxolol,2,True,518,OK_FINGERPRINT,False,,
bilirubin,2,True,518,OK_FINGERPRINT,False,,
bisoprolol,4,True,518,OK_FINGERPRINT,False,,
brexpiprazole,3,True,518,OK_FINGERPRINT,False,,
buprenorphine,2,True,518,OK_FINGERPRINT,False,,
bupropion,868,True,518,OK_FINGERPRINT,False,,
bupropion hydrochloride,1,True,518,OK_FINGERPRINT,False,bupropion,
cannabidiol,2,True,518,OK_FINGERPRINT,False,,
capecitabine,114,True,518,OK_FINGERPRINT,False,,
captopril,1,True,518,OK_FINGERPRINT,False,,
carbamazepine,11,True,518,OK_FINGERPRINT,False,,
carisoprodol,2,True,518,OK_FINGERPRINT,False,,
carvedilol,6,True,518,OK_FINGERPRINT,False,,
ceftriaxone,2,True,518,OK_FINGERPRINT,False,,
celecoxib,400,True,518,OK_FINGERPRINT,False,,
chloramphenicol,1,True,518,OK_FINGERPRINT,False,,
chloroquine,91,True,518,OK_FINGERPRINT,False,,
chlorpropamide,2,True,518,OK_FINGERPRINT,False,,
ciprofloxacin,1,True,518,OK_FINGERPRINT,False,,
cisplatin,5,True,518,OK_FINGERPRINT,False,,
citalopram,904,True,518,OK_FINGERPRINT,False,,
citalopram hydrobromide,5,True,518,OK_FINGERPRINT,False,,
clarithromycin,1,True,518,OK_FINGERPRINT,False,,
clobazam,9,True,518,OK_FINGERPRINT,False,,
clomipramine,1115,True,518,OK_FINGERPRINT,False,,
clonazepam,4,True,518,OK_FINGERPRINT,False,,
clonidine,2,True,518,OK_FINGERPRINT,False,,
clopidogrel,907,True,518,OK_FINGERPRINT,False,,
clopidogrel bisulfate,5,True,518,OK_FINGERPRINT,False,,
clopidogrel thiol metabolite h4,2,True,518,OK_FINGERPRINT,False,,
clozapine,9,True,518,OK_FINGERPRINT,False,,
codeine,635,True,518,OK_FINGERPRINT,False,,
codeine sulfate,5,True,518,OK_FINGERPRINT,False,codeine,
conjugated estrogens,2,True,518,OK_FINGERPRINT,False,,
coumarin,2,True,518,OK_FINGERPRINT,False,,
cyclophosphamide,5,True,518,OK_FINGERPRINT,False,,
cyclosporine,1153,True,518,OK_FINGERPRINT,False,,
dabigatran,3,True,518,OK_FINGERPRINT,False,,
dabrafenib,2,True,518,OK_FINGERPRINT,False,,
dapoxetine,2,True,518,OK_FINGERPRINT,False,,
dapsone,91,True,518,OK_FINGERPRINT,False,,
daunorubicin,2,True,518,OK_FINGERPRINT,False,,
debrisoquine,2,True,518,OK_FINGERPRINT,False,,
deferasirox,4,True,518,OK_FINGERPRINT,False,,
dehydroaripiprazole,3,True,518,OK_FINGERPRINT,False,,
deoxy-thioguanosine triphosphate,2,True,518,OK_FINGERPRINT,False,,
desbutyl lumefantrine,2,True,518,OK_FINGERPRINT,False,,
desethylchloroquine,3,True,518,OK_FINGERPRINT,True,,
desflurane,1381,True,518,OK_FINGERPRINT,False,,
desipramine,2,True,518,OK_FINGERPRINT,False,,
desmethylsertraline,2,True,518,OK_FINGERPRINT,False,,
desvenlafaxine,3,True,518,OK_FINGERPRINT,False,,
dexamethasone,2,True,518,OK_FINGERPRINT,False,,
dexlansoprazole,6,True,518,OK_FINGERPRINT,False,,
dexmedetomidine,3,True,518,OK_FINGERPRINT,False,,
dextromethorphan,3,True,518,OK_FINGERPRINT,False,,
dextropropoxyphene,2,True,518,OK_FINGERPRINT,False,,
diazepam,5,True,518,OK_FINGERPRINT,False,,
diclofenac,2,True,518,OK_FINGERPRINT,False,,
dihydroartemisinin,2,True,518,OK_FINGERPRINT,False,,
dimercaprol,1,True,518,OK_FINGERPRINT,False,,
dipyrone,4,True,518,OK_FINGERPRINT,False,,
disopyramide,2,True,518,OK_FINGERPRINT,False,,
docetaxel,4,True,518,OK_FINGERPRINT,False,,
dolutegravir,4,True,518,OK_FINGERPRINT,False,,
doxepin,5,True,518,OK_FINGERPRINT,False,,
doxepin hydrochloride,5,True,518,OK_FINGERPRINT,False,doxepin,
doxorubicin,2,True,518,OK_FINGERPRINT,False,,
doxorubicin hydrochloride,1,True,518,OK_FINGERPRINT,False,doxorubicin,
duloxetine,3,True,518,OK_FINGERPRINT,False,,
duloxetine hydrochloride,5,True,518,OK_FINGERPRINT,False,duloxetine,
edoxaban,2,True,518,OK_FINGERPRINT,False,,
efavirenz,867,True,518,OK_FINGERPRINT,False,,
eliglustat,2,True,518,OK_FINGERPRINT,False,,
endoxifen,5,True,518,OK_FINGERPRINT,False,,
enflurane,1,True,518,OK_FINGERPRINT,False,,
erlotinib,2,True,518,OK_FINGERPRINT,False,,
erythromycin,2,True,518,OK_FINGERPRINT,False,,
escitalopram,906,True,518,OK_FINGERPRINT,False,,
esomeprazole,903,True,518,OK_FINGERPRINT,False,,
esomeprazole magnesium,3,True,518,OK_FINGERPRINT,False,,
esomeprazole magnesium delayed release capsules,3,True,518,OK_FINGERPRINT,False,,
esomeprazole sodium,3,True,518,OK_FINGERPRINT,False,esomeprazole,
estrone,2,True,518,OK_FINGERPRINT,False,,
estrone sulfate,2,True,518,OK_FINGERPRINT,False,estrone,
everolimus,3,True,518,OK_FINGERPRINT,False,,
exemestane,2,True,518,OK_FINGERPRINT,False,,
extended phenytoin sodium,3,True,518,OK_FINGERPRINT,False,,
famotidine,2,True,518,OK_FINGERPRINT,False,,
felodipine,3,True,518,OK_FINGERPRINT,False,,
fenofibrate,1,True,518,OK_FINGERPRINT,False,,
fentanyl,9,True,518,OK_FINGERPRINT,False,,
fesoterodine,4,True,518,OK_FINGERPRINT,False,,
flecainide,2,True,518,OK_FINGERPRINT,False,,
flucloxacillin,2,True,518,OK_FINGERPRINT,False,,
fluconazole,4,True,518,OK_FINGERPRINT,False,,
flucytosine,2,True,518,OK_FINGERPRINT,False,,
fludarabine,2,True,518,OK_FINGERPRINT,False,,
fluindione,3,True,518,OK_FINGERPRINT,False,,
fluorouracil,115,True,518,OK_FINGERPRINT,False,,
fluoxetine,637,True,518,OK_FINGERPRINT,False,,
flupenthixol,2,True,518,OK_FINGERPRINT,False,,
flurbiprofen,3,True,518,OK_FINGERPRINT,False,,
fluvastatin,8,True,518,OK_FINGERPRINT,False,,
fluvoxamine,4,True,518,OK_FINGERPRINT,False,,
folfiri,2,True,518,OK_FINGERPRINT,False,,
fosphenytoin,3,True,518,OK_FINGERPRINT,False,,
fulvestrant,2,True,518,OK_FINGERPRINT,False,,
furazolidone,1,True,518,OK_FINGERPRINT,False,,
gabapentin,1,True,518,OK_FINGERPRINT,False,,
galantamine hydrobromide,5,True,518,OK_FINGERPRINT,False,,
gefitinib,5,True,518,OK_FINGERPRINT,False,,
gentamicin,1,True,518,OK_FINGERPRINT,False,,
gliclazide,4,True,518,OK_FINGERPRINT,False,,
glimepiride,3,True,518,OK_FINGERPRINT,False,,
glipizide,2,True,518,OK_FINGERPRINT,False,,
glucose,2,True,518,OK_FINGERPRINT,False,,
glyburide,2,True,518,OK_FINGERPRINT,False,,
granisetron,2,True,518,OK_FINGERPRINT,False,,
grazoprevir,2,True,518,OK_FINGERPRINT,False,,
haloperidol,634,True,518,OK_FINGERPRINT,False,,
halothane,2,True,518,OK_FINGERPRINT,False,,
hydralazine,1072,True,518,OK_FINGERPRINT,False,,
hydrocodone,3,True,518,OK_FINGERPRINT,False,,
hydromorphone,3,True,518,OK_FINGERPRINT,False,,
hydroxyamitriptyline,2,True,518,OK_FINGERPRINT,False,,
hydroxybupropion,3,True,518,OK_FINGERPRINT,False,,
hydroxychloroquine,3,True,518,OK_FINGERPRINT,False,,
hydroxyphenytoin,2,True,518,OK_FINGERPRINT,False,,
hydroxyurea,2,True,518,OK_FINGERPRINT,False,,
ibogaine,2,True,518,OK_FINGERPRINT,False,,
ibrutinib,3,True,518,OK_FINGERPRINT,False,,
ibuprofen,399,True,518,OK_FINGERPRINT,False,,
icotinib,2,True,518,OK_FINGERPRINT,False,,
iguratimod,3,True,518,OK_FINGERPRINT,False,,
iloperidone,2,True,518,OK_FINGERPRINT,False,,
iloperidone metabolite p88,2,True,518,OK_FINGERPRINT,False,,
imatinib,6,True,518,OK_FINGERPRINT,False,,
imipramine,1115,True,518,OK_FINGERPRINT,False,,
indomethacin,2,True,518,OK_FINGERPRINT,False,,
irbesartan,2,True,518,OK_FINGERPRINT,False,,
irinotecan,870,True,518,OK_FINGERPRINT,False,,
isoflurane,1380,True,518,OK_FINGERPRINT,False,,
isoniazid,1072,True,518,OK_FINGERPRINT,False,,
ivacaftor,1,True,518,OK_FINGERPRINT,False,,
kanamycin,1,True,518,OK_FINGERPRINT,False,,
ketamine,2,True,518,OK_FINGERPRINT,False,,
ketoprofen,2,True,518,OK_FINGERPRINT,False,,
ketorolac,2,True,518,OK_FINGERPRINT,False,,
labetalol,2,True,518,OK_FINGERPRINT,False,,
lacosamide,5,True,518,OK_FINGERPRINT,False,,
lamivudine,3,True,518,OK_FINGERPRINT,False,,
lamotrigine,6,True,518,OK_FINGERPRINT,False,,
lansoprazole,907,True,518,OK_FINGERPRINT,False,,
leflunomide,1,True,518,OK_FINGERPRINT,False,,
letermovir,3,True,518,OK_FINGERPRINT,False,,
letrozole,3,True,518,OK_FINGERPRINT,False,,
leucovorin,2,True,518,OK_FINGERPRINT,False,,
levomethadone,3,True,518,OK_FINGERPRINT,False,,
lisdexamfetamine,2,True,518,OK_FINGERPRINT,False,,
lopinavir,4,True,518,OK_FINGERPRINT,False,,
loratadine,2,True,518,OK_FINGERPRINT,False,,
lorlatinib,1,True,518,OK_FINGERPRINT,False,,
lornoxicam,3,True,518,OK_FINGERPRINT,False,,
losartan,398,True,518,OK_FINGERPRINT,False,,
lovastatin,7,True,518,OK_FINGERPRINT,False,,
lovastatin acid,2,True,518,OK_FINGERPRINT,False,,
lumefantrine,4,True,518,OK_FINGERPRINT,False,,
lumiracoxib,2,True,518,OK_FINGERPRINT,False,,
lurasidone hydrochloride,8,True,518,OK_FINGERPRINT,False,,
lurbinectedin,3,True,518,OK_FINGERPRINT,False,,
mafenide,1,True,518,OK_FINGERPRINT,False,,
maprotiline,2,True,518,OK_FINGERPRINT,False,,
maraviroc,3,True,518,OK_FINGERPRINT,False,,
mavacamten,2,True,518,OK_FINGERPRINT,False,,
meloxicam,3,True,518,OK_FINGERPRINT,False,,
meperidine,4,True,518,OK_FINGERPRINT,False,,
mephenytoin,2,True,518,OK_FINGERPRINT,False,,
mercaptopurine,330,True,518,OK_FINGERPRINT,False,,
mesalazine,2,True,518,OK_FINGERPRINT,False,,
metaxalone,8,True,518,OK_FINGERPRINT,False,,
methadone,873,True,518,OK_FINGERPRINT,False,,
methamphetamine,2,True,518,OK_FINGERPRINT,False,,
methazolamide,1,True,518,OK_FINGERPRINT,False,,
methotrexate,3,True,518,OK_FINGERPRINT,False,,
methoxyflurane,1,True,518,OK_FINGERPRINT,False,,
methylene blue,1,True,518,OK_FINGERPRINT,False,,
methylphenidate,2,True,518,OK_FINGERPRINT,False,,
metoclopramide,2,True,518,OK_FINGERPRINT,False,,
metoprolol,634,True,518,OK_FINGERPRINT,False,,
metoprolol succinate,2,True,518,OK_FINGERPRINT,False,metoprolol,
metoprolol succinate er,2,True,518,OK_FINGERPRINT,False,,
metoprolol succinate er tablets,2,True,518,OK_FINGERPRINT,False,,
metoprolol tartrate,2,True,518,OK_FINGERPRINT,False,metoprolol,
metronidazole,2,True,518,OK_FINGERPRINT,False,,
mexiletine,2,True,518,OK_FINGERPRINT,False,,
mianserin,2,True,518,OK_FINGERPRINT,False,,
midazolam,6,True,518,OK_FINGERPRINT,False,,
milsaperidone,3,True,518,OK_FINGERPRINT,False,,
mirabegron,8,True,518,OK_FINGERPRINT,False,,
mirtazapine,4,True,518,OK_FINGERPRINT,False,,
moclobemide,1,True,518,OK_FINGERPRINT,False,,
modafinil,7,True,518,OK_FINGERPRINT,False,,
morphine,3,True,518,OK_FINGERPRINT,False,,
moxifloxacin,3,True,518,OK_FINGERPRINT,False,,
mycophenolic acid,3,True,518,OK_FINGERPRINT,False,,
n,2,True,518,OK_FINGERPRINT,False,,
n-desmethylclozapine,7,True,518,OK_FINGERPRINT,True,,
n-desmethyltamoxifen,3,True,518,OK_FINGERPRINT,True,,
n-desmethyltramadol,4,True,518,OK_FINGERPRINT,True,,
nabumetone,2,True,518,OK_FINGERPRINT,False,,
naldemedine,2,True,518,OK_FINGERPRINT,False,,
nalidixic acid,1,True,518,OK_FINGERPRINT,False,,
naproxen,2,True,518,OK_FINGERPRINT,False,,
nateglinide,2,True,518,OK_FINGERPRINT,False,,
nebivolol,2,True,518,OK_FINGERPRINT,False,,
neomycin,1,True,518,OK_FINGERPRINT,False,,
nevirapine,868,True,518,OK_FINGERPRINT,False,,
nicorandil,2,True,518,OK_FINGERPRINT,False,,
nicotine,4,True,518,OK_FINGERPRINT,False,,
nifedipine,2,True,518,OK_FINGERPRINT,False,,
nilotinib,2,True,518,OK_FINGERPRINT,False,,
nimodipine,2,True,518,OK_FINGERPRINT,False,,
nitisinone,5,True,518,OK_FINGERPRINT,False,,
nitrofurantoin,91,True,518,OK_FINGERPRINT,False,,
nitrofurazone,2,True,518,OK_FINGERPRINT,False,,
norclobazam,2,True,518,OK_FINGERPRINT,True,,
norfloxacin,1,True,518,OK_FINGERPRINT,True,,
noroxycodone,3,True,518,OK_FINGERPRINT,True,,
noroxymorphone,2,True,518,OK_FINGERPRINT,True,,
nortriptyline,5,True,518,OK_FINGERPRINT,True,,
noscapine,1,True,518,OK_FINGERPRINT,False,,
o-desmethyltramadol,4,True,518,OK_FINGERPRINT,True,,
odevixibat,2,True,518,OK_FINGERPRINT,False,,
ofloxacin,1,True,518,OK_FINGERPRINT,False,,
olanzapine,4,True,518,OK_FINGERPRINT,False,,
olmesartan,2,True,518,OK_FINGERPRINT,False,,
omeprazole,903,True,518,OK_FINGERPRINT,False,,
ondansetron,4,True,518,OK_FINGERPRINT,False,,
ondansetron hydrochloride,4,True,518,OK_FINGERPRINT,False,ondansetron,
opioids,3,True,518,OK_FINGERPRINT,False,,
opipramol,2,True,518,OK_FINGERPRINT,False,,
oxcarbazepine,4,True,518,OK_FINGERPRINT,False,,
oxycodone,7,True,518,OK_FINGERPRINT,False,,
oxymorphone,2,True,518,OK_FINGERPRINT,False,,
paclitaxel,4,True,518,OK_FINGERPRINT,False,,
paliperidone,8,True,518,OK_FINGERPRINT,False,,
pantoprazole,907,True,518,OK_FINGERPRINT,False,,
pantoprazole sodium,6,True,518,OK_FINGERPRINT,False,pantoprazole,
paramethoxymethamphetamine,1,True,518,OK_FINGERPRINT,False,,
paroxetine,638,True,518,OK_FINGERPRINT,False,,
paroxetine hydrochloride hemihydrate,3,True,518,OK_FINGERPRINT,False,,
pazopanib,2,True,518,OK_FINGERPRINT,False,,
pazopanib hydrochloride,1,True,518,OK_FINGERPRINT,False,pazopanib,
pentoxifylline,2,True,518,OK_FINGERPRINT,False,,
perampanel,3,True,518,OK_FINGERPRINT,False,,
perphenazine,2,True,518,OK_FINGERPRINT,False,,
phenazopyridine,1,True,518,OK_FINGERPRINT,False,,
phenprocoumon,1153,True,518,OK_FINGERPRINT,False,,
phenytoin,404,True,518,OK_FINGERPRINT,False,,
phenytoin sodium,3,True,518,OK_FINGERPRINT,False,phenytoin,
pilocarpine,2,True,518,OK_FINGERPRINT,False,,
pimozide,3,True,518,OK_FINGERPRINT,False,,
pioglitazone,2,True,518,OK_FINGERPRINT,False,,
piroxicam,3,True,518,OK_FINGERPRINT,False,,
pitavastatin,8,True,518,OK_FINGERPRINT,False,,
pitavastatin lactone,2,True,518,OK_FINGERPRINT,False,,
pomalidomide,1,True,518,OK_FINGERPRINT,False,,
pramipexole dihydrochloride,1,True,518,OK_FINGERPRINT,False,,
prasugrel,2,True,518,OK_FINGERPRINT,False,,
pravastatin,485,True,518,OK_FINGERPRINT,False,,
praziquantel,4,True,518,OK_FINGERPRINT,False,,
pregabalin,2,True,518,OK_FINGERPRINT,False,,
pridopidine,2,True,518,OK_FINGERPRINT,False,,
primaquine,93,True,518,OK_FINGERPRINT,False,,
primaquine phosphate,5,True,518,OK_FINGERPRINT,False,primaquine,
primidone,4,True,518,OK_FINGERPRINT,False,,
probenecid,2,True,518,OK_FINGERPRINT,False,,
proguanil,2,True,518,OK_FINGERPRINT,False,,
propafenone,3,True,518,OK_FINGERPRINT,False,,
propofol,3,True,518,OK_FINGERPRINT,False,,
propranolol,2,True,518,OK_FINGERPRINT,False,,
propranolol hydrochloride,3,True,518,OK_FINGERPRINT,False,propranolol,
purixan,3,True,518,OK_FINGERPRINT,False,,
quetiapine,6,True,518,OK_FINGERPRINT,False,,
quinacrine,2,True,518,OK_FINGERPRINT,False,,
quinidine,2,True,518,OK_FINGERPRINT,False,,
quinine,1,True,518,OK_FINGERPRINT,False,,
rabeprazole,4,True,518,OK_FINGERPRINT,False,,
rabeprazole sodium,5,True,518,OK_FINGERPRINT,False,rabeprazole,
raloxifene 6-glucuronide,2,True,518,OK_FINGERPRINT,False,,
ramelteon,1,True,518,OK_FINGERPRINT,False,,
ramipril,3,True,518,OK_FINGERPRINT,False,,
ranolazine,2,True,518,OK_FINGERPRINT,False,,
repaglinide,2,True,518,OK_FINGERPRINT,False,,
ribavirin,1284,True,518,OK_FINGERPRINT,False,,
rifampin,3,True,518,OK_FINGERPRINT,False,,
risperidone,636,True,518,OK_FINGERPRINT,False,,
ritonavir,2,True,518,OK_FINGERPRINT,False,,
rivaroxaban,4,True,518,OK_FINGERPRINT,False,,
rivastigmine tartrate,7,True,518,OK_FINGERPRINT,False,,
rocuronium,2,True,518,OK_FINGERPRINT,False,,
rosiglitazone,2,True,518,OK_FINGERPRINT,False,,
rosuvastatin,696,True,518,OK_FINGERPRINT,False,,
rosuvastatin calcium,1,True,518,OK_FINGERPRINT,False,rosuvastatin,
s-methadone,5,True,518,OK_FINGERPRINT,True,,
salmeterol,1,True,518,OK_FINGERPRINT,False,,
sertraline,905,True,518,OK_FINGERPRINT,False,,
sevoflurane,1380,True,518,OK_FINGERPRINT,False,,
sildenafil,2,True,518,OK_FINGERPRINT,False,,
sildenafil citrate,1,True,518,OK_FINGERPRINT,False,sildenafil,
silodosin,2,True,518,OK_FINGERPRINT,False,,
simvastatin,487,True,518,OK_FINGERPRINT,False,,
simvastatin acid,2,True,518,OK_FINGERPRINT,False,,
siponimod,2,True,518,OK_FINGERPRINT,False,,
sirolimus,3,True,518,OK_FINGERPRINT,False,,
sitagliptin,2,True,518,OK_FINGERPRINT,False,,
sn-38,3,True,518,OK_FINGERPRINT,False,,
sodium nitrate,2,True,518,OK_FINGERPRINT,False,,
solanidine,2,True,518,OK_FINGERPRINT,False,,
sotalol,2,True,518,OK_FINGERPRINT,False,,
stavudine,2,True,518,OK_FINGERPRINT,False,,
streptomycin,1,True,518,OK_FINGERPRINT,False,,
succinylcholine,1380,True,518,OK_FINGERPRINT,False,,
succinylcholine chloride,1,True,518,OK_FINGERPRINT,False,,
sufentanil,3,True,518,OK_FINGERPRINT,False,,
sulfacetamide,2,True,518,OK_FINGERPRINT,False,,
sulfadiazine,1,True,518,OK_FINGERPRINT,False,,
sulfamethazine,1,True,518,OK_FINGERPRINT,False,,
sulfamethoxazole,1070,True,518,OK_FINGERPRINT,False,,
sulfanilamide,1,True,518,OK_FINGERPRINT,False,,
sulfapyridine,2,True,518,OK_FINGERPRINT,False,,
sulfasalazine,3,True,518,OK_FINGERPRINT,False,,
sulfisoxazole,1,True,518,OK_FINGERPRINT,False,,
sunitinib,4,True,518,OK_FINGERPRINT,False,,
tacrolimus,1157,True,518,OK_FINGERPRINT,False,,
tadalafil,6,True,518,OK_FINGERPRINT,False,,
tafenoquine,1,True,518,OK_FINGERPRINT,False,,
tamoxifen,636,True,518,OK_FINGERPRINT,False,,
tamoxifen citrate,6,True,518,OK_FINGERPRINT,False,tamoxifen,
tamsulosin,3,True,518,OK_FINGERPRINT,False,,
tamsulosin hydrochloride,3,True,518,OK_FINGERPRINT,False,tamsulosin,
tegafur,114,True,518,OK_FINGERPRINT,False,,
telaprevir,1,True,518,OK_FINGERPRINT,False,,
temsirolimus,2,True,518,OK_FINGERPRINT,False,,
teneligliptin,2,True,518,OK_FINGERPRINT,False,,
tenofovir,3,True,518,OK_FINGERPRINT,False,,
tenofovir alafenamide,2,True,518,OK_FINGERPRINT,False,,
tenoxicam,2,True,518,OK_FINGERPRINT,False,,
thalidomide,2,True,518,OK_FINGERPRINT,False,,
theophylline,2,True,518,OK_FINGERPRINT,False,,
thioguanine,328,True,518,OK_FINGERPRINT,False,,
thioguanosine monophosphate,2,True,518,OK_FINGERPRINT,True,,
thioguanosine triphosphate,3,True,518,OK_FINGERPRINT,True,,
thiopurine,3,True,518,OK_FINGERPRINT,False,,
thioridazine,2,True,518,OK_FINGERPRINT,False,,
ticagrelor,5,True,518,OK_FINGERPRINT,False,,
tobramycin,1,True,518,OK_FINGERPRINT,False,,
tolazamide,2,True,518,OK_FINGERPRINT,False,,
tolbutamide,2,True,518,OK_FINGERPRINT,False,,
toluidine blue,1,True,518,OK_FINGERPRINT,False,,
topiramate,1,True,518,OK_FINGERPRINT,False,,
topotecan,2,True,518,OK_FINGERPRINT,False,,
tramadol,637,True,518,OK_FINGERPRINT,False,,
tramadol hydrochloride,3,True,518,OK_FINGERPRINT,False,tramadol,
trametinib,2,True,518,OK_FINGERPRINT,False,,
trimipramine,6,True,518,OK_FINGERPRINT,False,,
tropisetron,4,True,518,OK_FINGERPRINT,False,,
uracil,2,True,518,OK_FINGERPRINT,False,,
valproic acid,7,True,518,OK_FINGERPRINT,False,,
varenicline,3,True,518,OK_FINGERPRINT,False,,
venetoclax,2,True,518,OK_FINGERPRINT,False,,
venlafaxine,8,True,518,OK_FINGERPRINT,False,,
verapamil hydrochloride,1,True,518,OK_FINGERPRINT,False,,
vitamin c,1,True,518,OK_FINGERPRINT,False,,
voriconazole,907,True,518,OK_FINGERPRINT,False,,
vortioxetine,3,True,518,OK_FINGERPRINT,False,,
warfarin,2032,True,518,OK_FINGERPRINT,False,,
warfarin sodium,5,True,518,OK_FINGERPRINT,False,warfarin,
zafirlukast,2,True,518,OK_FINGERPRINT,False,,
ziprasidone,1,True,518,OK_FINGERPRINT,False,,
zuclopenthixol,3,True,518,OK_FINGERPRINT,False,,
"""1",2,False,,PARSING_ERROR,False,,Fragment issu d une virgule non protegee dans le CSV source
"""caffeine""",2,False,,PARSING_ERROR,False,,Fragment issu d une virgule non protegee dans le CSV source
"""interferon alfa-2a",2,False,,PARSING_ERROR,False,,Fragment issu d une virgule non protegee dans le CSV source
"""ribavirin""",2,False,,PARSING_ERROR,False,,Fragment issu d une virgule non protegee dans le CSV source
3,5,False,,PARSING_ERROR,False,,Fragment issu d une virgule non protegee dans le CSV source
"7-dimethylxanthine""",2,False,,PARSING_ERROR,False,,Fragment issu d une virgule non protegee dans le CSV source
primaquine 5,2,False,,PARSING_ERROR,False,,Fragment issu d une virgule non protegee dans le CSV source
"recombinant""",2,False,,PARSING_ERROR,False,,Fragment issu d une virgule non protegee dans le CSV source
4-methylenedioxymethamphetamine,4,False,,PETITE_MOLECULE_MANQUANTE,False,,Structure PubChem disponible — FP recuperable (perspective)
ambrisentan,2,False,,PETITE_MOLECULE_MANQUANTE,False,,Structure PubChem disponible — FP recuperable (perspective)
amoxicillin,2,False,,PETITE_MOLECULE_MANQUANTE,False,,Structure PubChem disponible — FP recuperable (perspective)
bepridil,2,False,,PETITE_MOLECULE_MANQUANTE,False,,Structure PubChem disponible — FP recuperable (perspective)
caffeine,4,False,,PETITE_MOLECULE_MANQUANTE,False,,Structure PubChem disponible — FP recuperable (perspective)
cilostazol,3,False,,PETITE_MOLECULE_MANQUANTE,False,,Structure PubChem disponible — FP recuperable (perspective)
dimolegin,2,False,,PETITE_MOLECULE_MANQUANTE,False,,Structure PubChem disponible — FP recuperable (perspective)
donepezil,3,False,,PETITE_MOLECULE_MANQUANTE,False,,Structure PubChem disponible — FP recuperable (perspective)
ivermectin,1,False,,PETITE_MOLECULE_MANQUANTE,False,,Structure PubChem disponible — FP recuperable (perspective)
levonorgestrel,3,False,,PETITE_MOLECULE_MANQUANTE,False,,Structure PubChem disponible — FP recuperable (perspective)
mephedrone,2,False,,PETITE_MOLECULE_MANQUANTE,False,,Structure PubChem disponible — FP recuperable (perspective)
nelfinavir,2,False,,PETITE_MOLECULE_MANQUANTE,False,,Structure PubChem disponible — FP recuperable (perspective)
oxaliplatin,3,False,,PETITE_MOLECULE_MANQUANTE,False,,Structure PubChem disponible — FP recuperable (perspective)
phenazepam,2,False,,PETITE_MOLECULE_MANQUANTE,False,,Structure PubChem disponible — FP recuperable (perspective)
progesterone,2,False,,PETITE_MOLECULE_MANQUANTE,False,,Structure PubChem disponible — FP recuperable (perspective)
sorafenib,3,False,,PETITE_MOLECULE_MANQUANTE,False,,Structure PubChem disponible — FP recuperable (perspective)
tolperisone,3,False,,PETITE_MOLECULE_MANQUANTE,False,,Structure PubChem disponible — FP recuperable (perspective)
tolterodine,3,False,,PETITE_MOLECULE_MANQUANTE,False,,Structure PubChem disponible — FP recuperable (perspective)
vardenafil,2,False,,PETITE_MOLECULE_MANQUANTE,False,,Structure PubChem disponible — FP recuperable (perspective)
vincristine,2,False,,PETITE_MOLECULE_MANQUANTE,False,,Structure PubChem disponible — FP recuperable (perspective)
vitamin k1,2,False,,PETITE_MOLECULE_MANQUANTE,False,,Structure PubChem disponible — FP recuperable (perspective)
