gene,variant,position_GRCh38,origine_phenotype,echelle_numerique,valeurs_observees,n_niveaux,n_lignes_non_normal,pct_non_normal,colonne_constante,niveau_CPIC,medicaments_associes,limite_connue
ABCG2,Diplotype (alleles etoile),NON_APPLICABLE,"PyPGx — Sherman, Claw & Lee, Sci Rep 2024",Fonction de transport (ordinal),"[np.float64(0.0), np.float64(0.5), np.float64(1.0)]",3,9465,20.41,False,NON_DOCUMENTE,"acenocoumarol, allopurinol, amitriptyline, antineoplastic agents, apixaban, atazanavir, atomoxetine, atorvastatin",
ACE,rs4343 (proxy de rs1799752),chr17:63488670,Extraction directe des VCF 1000 Genomes (plages d octets HTTP),Code de genotype SNP (proxy insertion/deletion),[np.float64(1.0)],1,0,0.0,True,Pas de ligne directrice CPIC niveau A,AUCUN,"Le variant de reference rs1799752 est une insertion Alu de 287 pb, non representee dans un VCF de SNP. Le proxy rs4343 a ete utilise."
ADRB2,rs1042713,chr5:148826877,Extraction directe des VCF 1000 Genomes (plages d octets HTTP),Code de genotype SNP,[np.float64(1.0)],1,0,0.0,True,Pas de ligne directrice CPIC niveau A,AUCUN,
CACNA1S,Diplotype (alleles etoile),NON_APPLICABLE,"PyPGx — Sherman, Claw & Lee, Sci Rep 2024",Susceptibilite binaire (hyperthermie maligne),"[np.float64(0.5), np.float64(1.0)]",2,44796,96.6,False,NON_DOCUMENTE,"acenocoumarol, allopurinol, amitriptyline, atazanavir, atomoxetine, atorvastatin, azathioprine, bupropion",Cohorte de sujets sains : faible variance attendue.
CFTR,Diplotype (alleles etoile),NON_APPLICABLE,"PyPGx — Sherman, Claw & Lee, Sci Rep 2024",Reponse au traitement (binaire),[np.float64(1.0)],1,0,0.0,True,NON_DOCUMENTE,AUCUN,Cohorte 1000 Genomes composee de sujets sains : variance quasi nulle attendue.
CYP1A2,rs762551,chr15:74749576,Extraction directe des VCF 1000 Genomes (plages d octets HTTP),Code de genotype SNP,"[np.float64(0.0), np.float64(0.5), np.float64(1.0), np.float64(2.0)]",4,57,0.12,False,Pas de ligne directrice CPIC niveau A,"abrocitinib, antidepressants, antipsychotics, atomoxetine, atomoxetine hydrochloride, belzutifan, caffeine, carbamazepine",
CYP2A6,rs1801272,chr19:40848628,Extraction directe des VCF 1000 Genomes (plages d octets HTTP),Code de genotype SNP,"[np.float64(0.0), np.float64(0.5), np.float64(1.0)]",3,28,0.06,False,Pas de ligne directrice CPIC niveau A,"""1, ""caffeine"", 3-hydroxycotinine, 3-hydroxycotinine glucuronide, 7-dimethylxanthine"", bupropion, caffeine, cotinine",
CYP2B6,Diplotype (alleles etoile),NON_APPLICABLE,"PyPGx — Sherman, Claw & Lee, Sci Rep 2024",Score d activite,"[np.float64(0.0), np.float64(0.5), np.float64(1.0), np.float64(1.5), np.float64(2.0)]",5,29010,62.56,False,NON_DOCUMENTE,"3, 4-methylenedioxymethamphetamine, abrocitinib, acenocoumarol, allopurinol, amitriptyline, artemether, atazanavir",
CYP2C19,Diplotype (alleles etoile),NON_APPLICABLE,"PyPGx — Sherman, Claw & Lee, Sci Rep 2024",Score d activite,"[np.float64(0.0), np.float64(0.5), np.float64(1.0), np.float64(1.5), np.float64(2.0)]",5,32259,69.57,False,NON_DOCUMENTE,"3, 4-hydroxybupropion, 4-hydroxytamoxifen, 4-methylenedioxymethamphetamine, 7-carboxycannabidiol, 7-hydroxycannabidiol, abrocitinib, acenocoumarol",
CYP2C9,Diplotype (alleles etoile),NON_APPLICABLE,"PyPGx — Sherman, Claw & Lee, Sci Rep 2024",Score d activite,"[np.float64(0.0), np.float64(0.5), np.float64(1.0)]",3,13399,28.9,False,NON_DOCUMENTE,"4-hydroxytamoxifen, abrocitinib, aceclofenac, acenocoumarol, allopurinol, amitriptyline, anastrozole, apatinib",
CYP2D6,Diplotype (alleles etoile),NON_APPLICABLE,"PyPGx — Sherman, Claw & Lee, Sci Rep 2024",Score d activite (somme des deux alleles),"[np.float64(0.0), np.float64(0.5), np.float64(1.0), np.float64(1.5), np.float64(2.0)]",5,23688,51.08,False,NON_DOCUMENTE,"3, 4-hydroxytamoxifen, 4-methylenedioxymethamphetamine, 6-orthoquinone, abrocitinib, acebutolol, acenocoumarol, allopurinol",Non appelable depuis un VCF de SNP et d indels : variation structurale et nombre de copies. Phenotype fourni par PyPGx.
CYP3A4,rs2740574,chr7:99784473,Extraction directe des VCF 1000 Genomes (plages d octets HTTP),Code de genotype SNP,"[np.float64(0.0), np.float64(0.5), np.float64(1.0), np.float64(1.5)]",4,111,0.24,False,Pas de ligne directrice CPIC niveau A,"1-hydroxymidazolam, 2-hydroxyatorvastatin, 4-hydroxytamoxifen, abrocitinib, alectinib, alprazolam, amlodipine, anastrozole",
CYP3A5,Diplotype (alleles etoile),NON_APPLICABLE,"PyPGx — Sherman, Claw & Lee, Sci Rep 2024",Phenotype ordinal (expresseur / non-expresseur),"[np.float64(0.0), np.float64(0.5), np.float64(1.0)]",3,38098,82.16,False,NON_DOCUMENTE,"3, 4-dehydrocilostazol, 4-hydroxycyclophosphamide, 7-carboxycannabidiol, acenocoumarol, allopurinol, amitriptyline, amlodipine",
CYP4F2,rs2108622,chr19:15879621,Extraction directe des VCF 1000 Genomes (plages d octets HTTP),Code de genotype SNP,"[np.float64(0.0), np.float64(0.5), np.float64(1.0)]",3,3856,8.32,False,CPIC niveau A — warfarine (2017),"acenocoumarol, apixaban, aspirin, chloroquine, clopidogrel, dapsone, hydralazine, isoniazid",
DPYD,Diplotype (alleles etoile),NON_APPLICABLE,"PyPGx — Sherman, Claw & Lee, Sci Rep 2024",Score d activite,"[np.float64(0.0), np.float64(0.5), np.float64(1.0)]",3,3461,7.46,False,NON_DOCUMENTE,"3-aminoisobutyrate, acenocoumarol, allopurinol, amitriptyline, atazanavir, atomoxetine, atorvastatin, azathioprine",
EGFR,NON_DOCUMENTE,NON_DOCUMENTE,Jeu de donnees initial (PharmGKB / CPIC / ClinVar / FDA),NON_DOCUMENTE,[np.float64(1.0)],1,0,0.0,True,NON_DOCUMENTE,AUCUN,"Variants pharmacogenomiques somatiques, caracterises dans le tissu tumoral. Absents d un VCF germinal. Colonne constante."
F5,Diplotype (alleles etoile),NON_APPLICABLE,"PyPGx — Sherman, Claw & Lee, Sci Rep 2024",Reponse au traitement (binaire),"[np.float64(0.0), np.float64(1.0)]",2,789,1.7,False,NON_DOCUMENTE,"acenocoumarol, allopurinol, amitriptyline, atazanavir, atomoxetine, atorvastatin, azathioprine, bupropion",
G6PD,rs1050828,chrX:154536002,Extraction directe des VCF 1000 Genomes (plages d octets HTTP),Code de genotype SNP (lie a l X),"[np.float64(0.0), np.float64(0.5), np.float64(1.0)]",3,635,1.37,False,CPIC niveau A — deficit en G6PD (2022),"acenocoumarol, chloroquine, chlorpropamide, dabrafenib, dapsone, daunorubicin, gliclazide, glimepiride",Gene porte par le chromosome X. Les genotypes hemizygotes masculins ne sont pas traites specifiquement dans l encodage actuel.
HLA-A,NON_DOCUMENTE,NON_DOCUMENTE,Jeu de donnees initial (PharmGKB / CPIC / ClinVar / FDA),Portage d allele a risque,"[np.float64(0.0), np.float64(0.5), np.float64(1.0)]",3,8,0.02,False,NON_DOCUMENTE,"bcr-abl tyrosine kinase inhibitors, carbamazepine, oxcarbazepine, peginterferon alfa-2a, peginterferon alfa-2b, ribavirin, tebentafusp",Non appelable depuis un VCF. Typage HLA requis. Quasi constant dans le jeu de donnees.
HLA-B,NON_DOCUMENTE,NON_DOCUMENTE,Jeu de donnees initial (PharmGKB / CPIC / ClinVar / FDA),Portage d allele a risque,"[np.float64(0.0), np.float64(0.5), np.float64(1.0)]",3,26,0.06,False,NON_DOCUMENTE,"""interferon alfa-2a, ""ribavirin"", abacavir, allopurinol, bcr-abl tyrosine kinase inhibitors, carbamazepine, etanercept, flucloxacillin",Non appelable depuis un VCF. Typage HLA requis. Quasi constant dans le jeu de donnees.
IFNL3,rs12979860,chr19:39248147,Extraction directe des VCF 1000 Genomes (plages d octets HTTP),Code de genotype SNP (CC / CT / TT),"[np.float64(0.0), np.float64(0.5), np.float64(1.0)]",3,5070,10.93,False,CPIC — interferon / ribavirine,"acenocoumarol, chloroquine, dapsone, hydralazine, isoniazid, nitrofurantoin, phenprocoumon, primaquine",
MT-RNR1,NON_DOCUMENTE,NON_DOCUMENTE,Jeu de donnees initial (PharmGKB / CPIC / ClinVar / FDA),NON_DOCUMENTE,[np.float64(1.0)],1,0,0.0,True,NON_DOCUMENTE,AUCUN,"Gene mitochondrial, hors perimetre d un VCF nucleaire standard. Colonne constante."
MTHFR,rs1801133,chr1:11796321,Extraction directe des VCF 1000 Genomes (plages d octets HTTP),Code de genotype SNP,[np.float64(1.0)],1,0,0.0,True,Pas de ligne directrice CPIC niveau A,AUCUN,
NAT2,rs1799930,chr8:18400593,Extraction directe des VCF 1000 Genomes (plages d octets HTTP),Code de genotype SNP (acetyleur),"[np.float64(0.0), np.float64(0.5), np.float64(1.0), np.float64(1.5)]",4,5684,12.26,False,CPIC — hydralazine,"acenocoumarol, acetylisoniazid, caffeine, chloroquine, dapsone, dipyrone, hydralazine, iguratimod",
NUDT15,Diplotype (alleles etoile),NON_APPLICABLE,"PyPGx — Sherman, Claw & Lee, Sci Rep 2024",Phenotype ordinal,"[np.float64(0.0), np.float64(0.5), np.float64(1.0)]",3,4753,10.25,False,NON_DOCUMENTE,"acenocoumarol, acyclovir, allopurinol, amitriptyline, atazanavir, atomoxetine, atorvastatin, azathioprine",
RYR1,Diplotype (alleles etoile),NON_APPLICABLE,"PyPGx — Sherman, Claw & Lee, Sci Rep 2024",Susceptibilite binaire (hyperthermie maligne),"[np.float64(0.0), np.float64(0.5), np.float64(1.0)]",3,44800,96.61,False,NON_DOCUMENTE,"acenocoumarol, allopurinol, amitriptyline, anesthesiques, atazanavir, atomoxetine, atorvastatin, azathioprine",Cohorte de sujets sains : faible variance attendue.
SLC19A1,rs1051266,chr21:45537880,Extraction directe des VCF 1000 Genomes (plages d octets HTTP),Code de genotype SNP,[np.float64(1.0)],1,0,0.0,True,Pas de ligne directrice CPIC niveau A,AUCUN,
SLCO1B1,Diplotype (alleles etoile),NON_APPLICABLE,"PyPGx — Sherman, Claw & Lee, Sci Rep 2024",Fonction de transport (ordinal),"[np.float64(0.0), np.float64(0.5), np.float64(1.0), np.float64(1.5)]",4,14596,31.48,False,NON_DOCUMENTE,"2-hydroxyatorvastatin, 2-hydroxyatorvastatin lactone, 4-hydroxyatorvastatin, 4-hydroxyatorvastatin lactone, acenocoumarol, allopurinol, amitriptyline, amprenavir",
TPMT,Diplotype (alleles etoile),NON_APPLICABLE,"PyPGx — Sherman, Claw & Lee, Sci Rep 2024",Phenotype ordinal,"[np.float64(0.0), np.float64(0.5), np.float64(1.0)]",3,5319,11.47,False,NON_DOCUMENTE,"acenocoumarol, allopurinol, amitriptyline, atazanavir, atomoxetine, atorvastatin, azathioprine, azathioprine sodium",
UGT1A1,Diplotype (alleles etoile),NON_APPLICABLE,"PyPGx — Sherman, Claw & Lee, Sci Rep 2024",Phenotype ordinal,"[np.float64(0.0), np.float64(0.5), np.float64(1.0)]",3,28688,61.87,False,NON_DOCUMENTE,"2-hydroxyatorvastatin lactone, 4-hydroxyatorvastatin lactone, abrocitinib, acenocoumarol, allopurinol, amitriptyline, atazanavir, atazanavir / ritonavir",
VKORC1,rs9923231,chr16:31096368,Extraction directe des VCF 1000 Genomes (plages d octets HTTP),Code de genotype SNP (CC / CT / TT),"[np.float64(0.0), np.float64(0.5), np.float64(1.0)]",3,5516,11.9,False,CPIC niveau A — warfarine (2017),"acenocoumarol, chloroquine, dapsone, fluindione, hydralazine, isoniazid, nitrofurantoin, phenprocoumon",
