variant,gene,type,level of evidence,chemicals,phenotypes
"CYP2C9*1, CYP2C9*3, CYP2C9*13",CYP2C9,Metabolism/PK,1A,lornoxicam,
rs17376848,DPYD,Toxicity,1A,capecitabine,Neoplasms
rs2297595,DPYD,Toxicity,1A,capecitabine,Neoplasms
rs1801265,DPYD,Toxicity,1A,capecitabine,Neoplasms
"CYP2C19*1, CYP2C19*2, CYP2C19*3",CYP2C19,Metabolism/PK,1A,dexlansoprazole,
"CYP2C9*1, CYP2C9*2, CYP2C9*3, CYP2C9*5, CYP2C9*6, CYP2C9*11",CYP2C9,Toxicity,1A,warfarin,over-anticoagulation
rs1801160,DPYD,Toxicity,1A,capecitabine,Neoplasms
rs1801159,DPYD,Toxicity,1A,capecitabine,Neoplasms
"UGT1A1*1, UGT1A1*6, UGT1A1*28, UGT1A1*36, UGT1A1*37",UGT1A1,Toxicity,1A,"atazanavir,atazanavir / ritonavir","HIV infectious disease,Hyperbilirubinemia"
"TPMT*1, TPMT*2, TPMT*3A, TPMT*3B, TPMT*3C",TPMT,Dosage,1A,azathioprine,Dose reduction
rs17376848,DPYD,Toxicity,1A,fluorouracil,Neoplasms
rs1801158,DPYD,Toxicity,1A,fluorouracil,Neoplasms
rs1801159,DPYD,Toxicity,1A,fluorouracil,Neoplasms
rs1801158,DPYD,Toxicity,1A,capecitabine,Neoplasms
rs1801265,DPYD,Toxicity,1A,fluorouracil,Neoplasms
rs1801160,DPYD,Toxicity,1A,fluorouracil,Neoplasms
rs2108622,CYP4F2,Dosage,1A,warfarin,
rs121434568,EGFR,Efficacy,1A,gefitinib,Non-Small Cell Lung Carcinoma
rs9923231,VKORC1,Dosage,1A,phenprocoumon,
rs116855232,NUDT15,Dosage,1A,mercaptopurine,
"CYP2D6*1, CYP2D6*2, CYP2D6*4, CYP2D6*5, CYP2D6*17, CYP2D6*41",CYP2D6,Metabolism/PK,1A,hydrocodone,
"CYP2D6*1, CYP2D6*1xN, CYP2D6*2xN",CYP2D6,Efficacy,1A,tropisetron,Vomiting
"CYP2C9*1, CYP2C9*2, CYP2C9*3",CYP2C9,Metabolism/PK,1A,ibuprofen,
"CYP2D6*1, CYP2D6*2, CYP2D6*2xN, CYP2D6*4, CYP2D6*5, CYP2D6*6, CYP2D6*9, CYP2D6*10",CYP2D6,Metabolism/PK,1A,desipramine,"Major Depressive Disorder,Mental Disorders"
rs78060119,DPYD,Toxicity,1A,fluorouracil,Neoplasms
"G6PD A- 202A_376G, G6PD B (reference), G6PD Mediterranean, Dallas, Panama, Sassari, Cagliari, Birmingham",G6PD,Toxicity,1A,rasburicase,"Hemolysis,Methemoglobinemia"
"CYP2C9*1, CYP2C9*2, CYP2C9*3, CYP2C9*29",CYP2C9,Metabolism/PK,1A,flurbiprofen,
"CYP2D6*1, CYP2D6*3, CYP2D6*4, CYP2D6*5, CYP2D6*6",CYP2D6,Metabolism/PK,1A,trimipramine,Mental Disorders
"CYP2C9*1, CYP2C9*2, CYP2C9*3",CYP2C9,Metabolism/PK,1A,tenoxicam,
"CYP2D6*1, CYP2D6*2xN, CYP2D6*3, CYP2D6*4, CYP2D6*5, CYP2D6*6, CYP2D6*10",CYP2D6,Metabolism/PK,1A,tropisetron,
rs59086055,DPYD,Other,1A,fluorouracil,
rs115232898,DPYD,Toxicity,1A,fluorouracil,Neoplasms
"CYP2C9*1, CYP2C9*2, CYP2C9*3, CYP2C9*13",CYP2C9,Metabolism/PK,1A,celecoxib,
"CYP2C9*1, CYP2C9*2, CYP2C9*3",CYP2C9,Metabolism/PK,1A,piroxicam,
rs113993960,CFTR,Efficacy,1A,ivacaftor / lumacaftor,Cystic Fibrosis
rs113993960,CFTR,Efficacy,1A,ivacaftor / tezacaftor,Cystic Fibrosis
HLA-B*57:01,HLA-B,Toxicity,1A,flucloxacillin,Drug-induced liver injury
rs1801160,DPYD,Other,1A,fluorouracil,
rs72549306,DPYD,Other,1A,fluorouracil,
rs72549303,DPYD,Other,1A,fluorouracil,
rs115232898,DPYD,Other,1A,fluorouracil,
rs78060119,DPYD,Other,1A,fluorouracil,
rs1801268,DPYD,Other,1A,fluorouracil,
rs1801266,DPYD,Other,1A,fluorouracil,
rs72549309,DPYD,Other,1A,fluorouracil,
"CYP2C9*1, CYP2C9*2, CYP2C9*3",CYP2C9,Toxicity,1A,phenytoin,Epilepsy
"UGT1A1*1, UGT1A1*28",UGT1A1,Dosage,1A,irinotecan,
"CYP2C19*1, CYP2C19*2",CYP2C19,Metabolism/PK,1A,trimipramine,
"CYP2D6*1, CYP2D6*3, CYP2D6*4, CYP2D6*5, CYP2D6*6",CYP2D6,Toxicity,1A,desipramine,"Depressive Disorder,Major Depressive Disorder"
rs59086055,DPYD,Toxicity,1A,fluorouracil,Neoplasms
"CYP2B6*1, CYP2B6*2, CYP2B6*6, CYP2B6*18, CYP2B6*38",CYP2B6,Toxicity,1A,efavirenz,HIV infectious disease
"CYP2C9*1, CYP2C9*2, CYP2C9*3, CYP2C9*5, CYP2C9*6, CYP2C9*11",CYP2C9,Toxicity,1A,warfarin,Hemorrhage
HLA-B*57:01,HLA-B,Toxicity,1A,abacavir,"Drug Hypersensitivity,HIV infectious disease"
rs9923231,VKORC1,Dosage,1A,acenocoumarol,
rs3745274,CYP2B6,Toxicity,1A,efavirenz,HIV infectious disease
"CYP2B6*1, CYP2B6*4, CYP2B6*6, CYP2B6*9, CYP2B6*18, CYP2B6*28",CYP2B6,Metabolism/PK,1A,efavirenz,HIV infectious disease
"CYP2B6*1, CYP2B6*6, CYP2B6*26",CYP2B6,Dosage,1A,efavirenz,HIV infectious disease
rs12979860,"IFNL3,IFNL4",Efficacy,1A,"peginterferon alfa-2a,peginterferon alfa-2b,ribavirin,telaprevir",Chronic hepatitis C virus infection
rs12979860,"IFNL3,IFNL4",Efficacy,1A,"peginterferon alfa-2a,peginterferon alfa-2b,ribavirin",Hepatitis C virus infection
rs12979860,"IFNL3,IFNL4",Efficacy,1A,"boceprevir,peginterferon alfa-2a,peginterferon alfa-2b,ribavirin",Chronic hepatitis C virus infection
rs2297595,DPYD,Toxicity,1A,fluorouracil,Neoplasms
"UGT1A1*1, UGT1A1*28",UGT1A1,Toxicity,1A,"FOLFIRI,irinotecan",Neutropenia
rs12777823,,Dosage,1A,warfarin,
"CYP2D6*1, CYP2D6*1xN, CYP2D6*2, CYP2D6*3, CYP2D6*4, CYP2D6*5, CYP2D6*6, CYP2D6*10, CYP2D6*41",CYP2D6,Toxicity,1A,amitriptyline,Depressive Disorder
"CYP2D6*1, CYP2D6*1xN, CYP2D6*2, CYP2D6*3, CYP2D6*4, CYP2D6*5, CYP2D6*6, CYP2D6*10, CYP2D6*41",CYP2D6,Metabolism/PK,1A,amitriptyline,"Depressive Disorder,Mental Disorders"
"CYP2D6*1, CYP2D6*3, CYP2D6*4, CYP2D6*5, CYP2D6*6",CYP2D6,Toxicity,1A,clomipramine,Major Depressive Disorder
"CYP2D6*1, CYP2D6*1xN, CYP2D6*2, CYP2D6*3, CYP2D6*4, CYP2D6*5, CYP2D6*6, CYP2D6*10, CYP2D6*41",CYP2D6,Metabolism/PK,1A,clomipramine,"Major Depressive Disorder,Mental Disorders"
"CYP2D6*1, CYP2D6*3, CYP2D6*4, CYP2D6*5, CYP2D6*6",CYP2D6,Toxicity,1A,imipramine,Depressive Disorder
"CYP2D6*1, CYP2D6*1xN, CYP2D6*2xN, CYP2D6*4, CYP2D6*5",CYP2D6,Dosage,1A,imipramine,Depressive Disorder
"CYP2D6*1, CYP2D6*1xN, CYP2D6*2, CYP2D6*2xN",CYP2D6,Toxicity,1A,codeine,Pain
"CYP2D6*1, CYP2D6*1xN, CYP2D6*2xN, CYP2D6*3, CYP2D6*4, CYP2D6*5, CYP2D6*9, CYP2D6*10, CYP2D6*35, CYP2D6*35xN, CYP2D6*41",CYP2D6,Metabolism/PK,1A,doxepin,
"CYP2D6*1, CYP2D6*3, CYP2D6*4, CYP2D6*5",CYP2D6,Metabolism/PK,1A,imipramine,"Major Depressive Disorder,Mental Disorders"
"CYP2D6*1, CYP2D6*3, CYP2D6*4, CYP2D6*5, CYP2D6*6, CYP2D6*10",CYP2D6,Toxicity,1A,nortriptyline,Depressive Disorder
"CYP2D6*1, CYP2D6*1xN, CYP2D6*2, CYP2D6*2xN, CYP2D6*3, CYP2D6*4, CYP2D6*5, CYP2D6*6, CYP2D6*10, CYP2D6*17",CYP2D6,Metabolism/PK,1A,nortriptyline,Major Depressive Disorder
"CYP2C19*1, CYP2C19*2, CYP2C19*3, CYP2C19*17",CYP2C19,Metabolism/PK,1A,voriconazole,
"CYP2C19*1, CYP2C19*2, CYP2C19*3, CYP2C19*8, CYP2C19*9, CYP2C19*17",CYP2C19,Metabolism/PK,1A,lansoprazole,Gastroesophageal Reflux
"CYP2C19*1, CYP2C19*2, CYP2C19*3, CYP2C19*17",CYP2C19,Efficacy,1A,clopidogrel,Cardiovascular Disease
"CYP2C19*1, CYP2C19*2, CYP2C19*3, CYP2C19*17",CYP2C19,Metabolism/PK,1A,pantoprazole,
"CYP2D6*1, CYP2D6*4, CYP2D6*4xN, CYP2D6*5, CYP2D6*10, CYP2D6*17, CYP2D6*92, CYP2D6*96",CYP2D6,Metabolism/PK,1A,atomoxetine,Attention Deficit Disorder with Hyperactivity
"CYP2D6*1, CYP2D6*4, CYP2D6*5, CYP2D6*10, CYP2D6*21, CYP2D6*36",CYP2D6,Metabolism/PK,1A,flecainide,Cardiac rhythm disease
"CYP2D6*1, CYP2D6*1xN, CYP2D6*2, CYP2D6*2xN, CYP2D6*3, CYP2D6*4, CYP2D6*5, CYP2D6*9, CYP2D6*10, CYP2D6*14, CYP2D6*41",CYP2D6,Metabolism/PK,1A,paroxetine,
"CYP2D6*1, CYP2D6*2, CYP2D6*3, CYP2D6*4, CYP2D6*5, CYP2D6*6, CYP2D6*7, CYP2D6*9, CYP2D6*10, CYP2D6*10x2, CYP2D6*11, CYP2D6*17, CYP2D6*21, CYP2D6*36, CYP2D6*41",CYP2D6,Efficacy,1A,tamoxifen,Breast Neoplasms
"CYP2D6*1, CYP2D6*4",CYP2D6,Dosage,1A,metoprolol,Heart Failure
"CYP2D6*1, CYP2D6*2, CYP2D6*3, CYP2D6*4, CYP2D6*5, CYP2D6*10, CYP2D6*17",CYP2D6,Metabolism/PK,1A,haloperidol,Schizophrenia
"CYP2D6*1, CYP2D6*2, CYP2D6*5, CYP2D6*10, CYP2D6*36",CYP2D6,Metabolism/PK,1A,propafenone,"Cardiac rhythm disease,Tachycardia"
"CYP2D6*1, CYP2D6*1xN, CYP2D6*3, CYP2D6*4, CYP2D6*5, CYP2D6*6, CYP2D6*10, CYP2D6*14",CYP2D6,Metabolism/PK,1A,risperidone,"Psychotic Disorder,Schizophrenia"
"CYP2C19*1, CYP2C19*2, CYP2C19*3, CYP2C19*17",CYP2C19,Metabolism/PK,1A,clomipramine,Mental Disorders
"CYP2C19*1, CYP2C19*2, CYP2C19*3, CYP2C19*17",CYP2C19,Metabolism/PK,1A,escitalopram,"Major Depressive Disorder,Mental Disorders"
"CYP2C19*1, CYP2C19*2, CYP2C19*3, CYP2C19*17",CYP2C19,Metabolism/PK,1A,imipramine,"Depressive Disorder,Major Depressive Disorder"
"CYP2C19*1, CYP2C19*2, CYP2C19*3",CYP2C19,Efficacy,1A,omeprazole,"Esophagitis,Gastroesophageal Reflux,Helicobacter Infections,Peptic Ulcer Disease"
"CYP2C19*1, CYP2C19*2, CYP2C19*3, CYP2C19*9, CYP2C19*10, CYP2C19*17, CYP2C19*24, CYP2C19*26",CYP2C19,Metabolism/PK,1A,omeprazole,Gastroesophageal Reflux
"CYP2C19*1, CYP2C19*2, CYP2C19*3",CYP2C19,Efficacy,1A,lansoprazole,"Gastroesophageal Reflux,Helicobacter Infections"
"CYP2C19*1, CYP2C19*2, CYP2C19*3",CYP2C19,Efficacy,1A,pantoprazole,"Helicobacter Infections,Ulcer"
"CYP2D6*1, CYP2D6*3, CYP2D6*4",CYP2D6,Metabolism/PK,1A,zuclopenthixol,Schizophrenia
"CYP2C19*1, CYP2C19*2, CYP2C19*3, CYP2C19*8, CYP2C19*10, CYP2C19*17, CYP2C19*19, CYP2C19*25, CYP2C19*26",CYP2C19,Metabolism/PK,1A,clopidogrel,
rs67376798,DPYD,Other,1A,fluorouracil,
rs67376798,DPYD,Toxicity,1A,fluorouracil,Neoplasms
rs67376798,DPYD,Toxicity,1A,tegafur,Neoplasms
rs67376798,DPYD,Toxicity,1A,capecitabine,Neoplasms
rs3918290,DPYD,Toxicity,1A,capecitabine,Neoplasms
rs3918290,DPYD,Toxicity,1A,tegafur,Neoplasms
rs3918290,DPYD,Toxicity,1A,fluorouracil,Neoplasms
rs3918290,DPYD,Other,1A,fluorouracil,
rs55886062,DPYD,Other,1A,fluorouracil,
rs55886062,DPYD,Toxicity,1A,capecitabine,Neoplasms
rs55886062,DPYD,Toxicity,1A,tegafur,Neoplasms
rs148994843,DPYD,Other,1A,fluorouracil,
rs56005131,DPYD,Other,1A,fluorouracil,
rs267606617,MT-RNR1,Toxicity,1A,tobramycin,Ototoxicity
rs267606617,MT-RNR1,Toxicity,1A,amikacin,Ototoxicity
rs267606617,MT-RNR1,Toxicity,1A,aminoglycoside antibacterials,Ototoxicity
rs267606617,MT-RNR1,Toxicity,1A,streptomycin,Ototoxicity
rs267606617,MT-RNR1,Toxicity,1A,kanamycin,Ototoxicity
rs267606619,MT-RNR1,Toxicity,1A,kanamycin,Ototoxicity
rs267606619,MT-RNR1,Toxicity,1A,streptomycin,Ototoxicity
rs267606619,MT-RNR1,Toxicity,1A,gentamicin,Ototoxicity
rs267606619,MT-RNR1,Toxicity,1A,tobramycin,Ototoxicity
rs267606619,MT-RNR1,Toxicity,1A,aminoglycoside antibacterials,Ototoxicity
rs267606618,MT-RNR1,Toxicity,1A,aminoglycoside antibacterials,Ototoxicity
rs267606618,MT-RNR1,Toxicity,1A,gentamicin,Ototoxicity
rs267606618,MT-RNR1,Toxicity,1A,kanamycin,Ototoxicity
rs267606618,MT-RNR1,Toxicity,1A,streptomycin,Ototoxicity
"CYP2D6*1, CYP2D6*1xN, CYP2D6*2, CYP2D6*2xN, CYP2D6*4, CYP2D6*5, CYP2D6*10, CYP2D6*35xN",CYP2D6,Efficacy,1A,ondansetron,Vomiting
"CYP2C9*1, CYP2C9*2, CYP2C9*3, CYP2C9*4, CYP2C9*5, CYP2C9*6, CYP2C9*8, CYP2C9*11",CYP2C9,Dosage,1A,warfarin,Cardiovascular Disease
"CYP2C9*1, CYP2C9*2, CYP2C9*3, CYP2C9*5, CYP2C9*6, CYP2C9*8, CYP2C9*11, CYP2C9*13, CYP2C9*14, CYP2C9*16, CYP2C9*29, CYP2C9*31, CYP2C9*33, CYP2C9*37, CYP2C9*39, CYP2C9*42, CYP2C9*43, CYP2C9*45, CYP2C9*50, CYP2C9*52, CYP2C9*55",CYP2C9,Metabolism/PK,1A,phenytoin,Epilepsy
"CYP2D6*1, CYP2D6*4, CYP2D6*5, CYP2D6*6, CYP2D6*10, CYP2D6*41",CYP2D6,Metabolism/PK,1A,aripiprazole,"Psychotic Disorder,Schizoaffective disorder,Schizophrenia"
"CYP2D6*1, CYP2D6*1xN, CYP2D6*2, CYP2D6*3, CYP2D6*4, CYP2D6*5, CYP2D6*6, CYP2D6*9, CYP2D6*10, CYP2D6*17, CYP2D6*41",CYP2D6,Metabolism/PK,1A,tramadol,
rs9923231,VKORC1,Dosage,1A,warfarin,
"CYP2D6*1, CYP2D6*4, CYP2D6*5, CYP2D6*6, CYP2D6*17, CYP2D6*40",CYP2D6,Efficacy,1A,codeine,Pain
"CYP2D6*5, CYP2D6*17",CYP2D6,Efficacy,1A,hydrocodone,Pain
"CYP2D6*1, CYP2D6*3, CYP2D6*4, CYP2D6*5, CYP2D6*6, CYP2D6*10, CYP2D6*17",CYP2D6,Efficacy,1A,tramadol,"Pain,Pain, Postoperative"
"CYP2C9*1, CYP2C9*2, CYP2C9*3",CYP2C9,Metabolism/PK,1A,fluvastatin,
rs4149056,SLCO1B1,Metabolism/PK,1A,"simvastatin,simvastatin acid",
"SLCO1B1*1, SLCO1B1*5, SLCO1B1*15",SLCO1B1,Toxicity,1A,lovastatin,statin-related myopathy
"SLCO1B1*1, SLCO1B1*5, SLCO1B1*15",SLCO1B1,Toxicity,1A,simvastatin,statin-related myopathy
rs4149056,SLCO1B1,Toxicity,1A,atorvastatin,statin-related myopathy
rs4149056,SLCO1B1,Toxicity,1A,lovastatin,statin-related myopathy
rs4149056,SLCO1B1,Metabolism/PK,1A,"lovastatin,lovastatin acid",
"SLCO1B1*1, SLCO1B1*5, SLCO1B1*15",SLCO1B1,Metabolism/PK,1A,"lovastatin,lovastatin acid",
rs4149056,SLCO1B1,Metabolism/PK,1A,rosuvastatin,Hypercholesterolemia
"SLCO1B1*1, SLCO1B1*5, SLCO1B1*15, SLCO1B1*37",SLCO1B1,Metabolism/PK,1A,pitavastatin,
rs4149056,SLCO1B1,Metabolism/PK,1A,pitavastatin,
rs4149056,SLCO1B1,Toxicity,1A,rosuvastatin,statin-related myopathy
rs4149056,SLCO1B1,Metabolism/PK,1A,pravastatin,
rs4149056,SLCO1B1,Toxicity,1A,pravastatin,statin-related myopathy
"SLCO1B1*1, SLCO1B1*5, SLCO1B1*15",SLCO1B1,Toxicity,1A,pravastatin,statin-related myopathy
"CYP2C9*1, CYP2C9*2, CYP2C9*3",CYP2C9,Toxicity,1A,fluvastatin,
"SLCO1B1*1, SLCO1B1*5, SLCO1B1*9, SLCO1B1*14, SLCO1B1*15, SLCO1B1*37",SLCO1B1,Metabolism/PK,1A,rosuvastatin,
"SLCO1B1*1, SLCO1B1*5, SLCO1B1*15",SLCO1B1,Metabolism/PK,1A,"simvastatin,simvastatin acid",
rs4149056,SLCO1B1,Toxicity,1A,simvastatin,statin-related myopathy
rs2231142,ABCG2,Metabolism/PK,1A,rosuvastatin,
rs4149056,SLCO1B1,Toxicity,1A,fluvastatin,statin-related myopathy
"SLCO1B1*1, SLCO1B1*5, SLCO1B1*15",SLCO1B1,Toxicity,1A,fluvastatin,statin-related myopathy
rs2231142,ABCG2,Toxicity,1A,rosuvastatin,statin-related myopathy
rs4149056,SLCO1B1,Metabolism/PK,1A,fluvastatin,
"SLCO1B1*1, SLCO1B1*5, SLCO1B1*15, SLCO1B1*37",SLCO1B1,Metabolism/PK,1A,atorvastatin,
"SLCO1B1*1, SLCO1B1*5, SLCO1B1*15",SLCO1B1,Metabolism/PK,1A,fluvastatin,
"SLCO1B1*1, SLCO1B1*5, SLCO1B1*15",SLCO1B1,Metabolism/PK,1A,pravastatin,
"SLCO1B1*1, SLCO1B1*5, SLCO1B1*15",SLCO1B1,Toxicity,1A,rosuvastatin,statin-related myopathy
HLA-B*15:02,HLA-B,Toxicity,1A,oxcarbazepine,Stevens-Johnson Syndrome
rs2231142,ABCG2,Efficacy,1A,allopurinol,Gout
rs2231142,ABCG2,Dosage,1A,allopurinol,Gout
"CYP2C19*1, CYP2C19*2, CYP2C19*3, CYP2C19*17",CYP2C19,Metabolism/PK,1A,citalopram,"Depressive Disorder,Major Depressive Disorder"
"CYP2C19*1, CYP2C19*2, CYP2C19*3, CYP2C19*4",CYP2C19,Toxicity,1A,citalopram,Depressive Disorder
"TPMT*1, TPMT*2, TPMT*3A, TPMT*3C, TPMT*9",TPMT,Toxicity,1A,thioguanine,"Acute lymphoblastic leukemia,Neoplasms,Neutropenia,Pancytopenia,Thrombocytopenia"
"TPMT*1, TPMT*2, TPMT*3A, TPMT*3C, TPMT*9",TPMT,Dosage,1A,thioguanine,Acute lymphoblastic leukemia
"TPMT*1, TPMT*2, TPMT*3A, TPMT*3B, TPMT*3C, TPMT*7, TPMT*9, TPMT*10, TPMT*12, TPMT*13, TPMT*16, TPMT*17, TPMT*18, TPMT*23",TPMT,Metabolism/PK,1A,thioguanine,Crohn Disease
"TPMT*1, TPMT*2, TPMT*3A, TPMT*3B, TPMT*3C, TPMT*4, TPMT*5, TPMT*6, TPMT*7, TPMT*8, TPMT*9, TPMT*12, TPMT*14, TPMT*15, TPMT*16, TPMT*23",TPMT,Metabolism/PK,1A,mercaptopurine,
"TPMT*1, TPMT*3A, TPMT*3C",TPMT,Metabolism/PK,1A,azathioprine,
HLA-B*15:02,HLA-B,Toxicity,1A,phenytoin,"Drug Reaction with Eosinophilia and Systemic Symptoms,Severe Cutaneous Adverse Reactions,Stevens-Johnson Syndrome,Toxic Epidermal Necrolysis"
"HLA-B*15:02, HLA-B*15:11",HLA-B,Toxicity,1A,carbamazepine,"Drug Reaction with Eosinophilia and Systemic Symptoms,Maculopapular Exanthema,Severe Cutaneous Adverse Reactions,Stevens-Johnson Syndrome,Toxic Epidermal Necrolysis"
HLA-B*15:02,HLA-B,Toxicity,1A,lamotrigine,"Epilepsy,Severe Cutaneous Adverse Reactions,Stevens-Johnson Syndrome,Toxic Epidermal Necrolysis"
"SLCO1B1*1, SLCO1B1*5, SLCO1B1*15",SLCO1B1,Toxicity,1A,atorvastatin,
rs56038477,DPYD,Toxicity,1A,capecitabine,Neoplasms
rs56038477,DPYD,Toxicity,1A,fluorouracil,Neoplasms
rs75017182,DPYD,Other,1A,fluorouracil,
rs75017182,DPYD,Toxicity,1A,capecitabine,Neoplasms
rs75017182,DPYD,Toxicity,1A,fluorouracil,Neoplasms
"CYP2D6*1, CYP2D6*4, CYP2D6*10",CYP2D6,Metabolism/PK,1A,vortioxetine,
"CYP2C19*1, CYP2C19*2, CYP2C19*3, CYP2C19*17",CYP2C19,Metabolism/PK,1A,sertraline,Mental Disorders
"CYP2B6*1, CYP2B6*4, CYP2B6*6, CYP2B6*9",CYP2B6,Metabolism/PK,1A,sertraline,
"CYP2D6*1, CYP2D6*3, CYP2D6*4, CYP2D6*5, CYP2D6*6, CYP2D6*10",CYP2D6,Metabolism/PK,1A,venlafaxine,"Depressive Disorder,Obsessive-Compulsive Disorder"
"CYP2D6*1, CYP2D6*3, CYP2D6*4, CYP2D6*5, CYP2D6*6, CYP2D6*81",CYP2D6,Toxicity,1A,venlafaxine,"Agitation,Alcohol-Related Disorders,Cardiotoxicity,Depression,Depressive Disorder,Drug Toxicity,dysphoria,Edema,Major Depressive Disorder,Nausea,Obsessive-Compulsive Disorder,Tachycardia,Vomiting"
"CYP2D6*1, CYP2D6*2, CYP2D6*3, CYP2D6*4, CYP2D6*5, CYP2D6*6, CYP2D6*10, CYP2D6*17, CYP2D6*29, CYP2D6*35, CYP2D6*41",CYP2D6,Metabolism/PK,1A,tamoxifen,Breast Neoplasms
"CYP2C19*1, CYP2C19*2",CYP2C19,Metabolism/PK,1A,doxepin,
"CYP2C19*1, CYP2C19*2, CYP2C19*3, CYP2C19*17",CYP2C19,Metabolism/PK,1A,amitriptyline,"Major Depressive Disorder,Mental Disorders"
rs4149056,SLCO1B1,Metabolism/PK,1A,atorvastatin,
rs55886062,DPYD,Toxicity,1A,fluorouracil,Neoplasms
rs118192177,RYR1,Toxicity,1A,"desflurane,enflurane,halothane,isoflurane,methoxyflurane,sevoflurane,succinylcholine",Malignant Hyperthermia
rs118192176,RYR1,Toxicity,1A,"desflurane,enflurane,halothane,isoflurane,methoxyflurane,sevoflurane,succinylcholine",Malignant Hyperthermia
rs193922832,RYR1,Toxicity,1A,"desflurane,enflurane,halothane,isoflurane,methoxyflurane,sevoflurane,succinylcholine",Malignant Hyperthermia
rs193922809,RYR1,Toxicity,1A,"desflurane,enflurane,halothane,isoflurane,methoxyflurane,sevoflurane,succinylcholine",Malignant Hyperthermia
rs118192175,RYR1,Toxicity,1A,"desflurane,enflurane,halothane,isoflurane,methoxyflurane,sevoflurane,succinylcholine",Malignant Hyperthermia
rs193922762,RYR1,Toxicity,1A,"desflurane,enflurane,halothane,isoflurane,methoxyflurane,sevoflurane,succinylcholine",Malignant Hyperthermia
rs118192124,RYR1,Toxicity,1A,"desflurane,enflurane,halothane,isoflurane,methoxyflurane,sevoflurane,succinylcholine",Malignant Hyperthermia
rs193922770,RYR1,Toxicity,1A,"desflurane,enflurane,halothane,isoflurane,methoxyflurane,sevoflurane,succinylcholine",Malignant Hyperthermia
rs193922802,RYR1,Toxicity,1A,"desflurane,enflurane,halothane,isoflurane,methoxyflurane,sevoflurane,succinylcholine",Malignant Hyperthermia
rs28933397,RYR1,Toxicity,1A,"desflurane,enflurane,halothane,isoflurane,methoxyflurane,sevoflurane,succinylcholine",Malignant Hyperthermia
rs193922843,RYR1,Toxicity,1A,"desflurane,enflurane,halothane,isoflurane,methoxyflurane,sevoflurane,succinylcholine",Malignant Hyperthermia
rs1801086,RYR1,Toxicity,1A,"desflurane,enflurane,halothane,isoflurane,methoxyflurane,sevoflurane,succinylcholine",Malignant Hyperthermia
rs112563513,RYR1,Toxicity,1A,"desflurane,enflurane,halothane,isoflurane,methoxyflurane,sevoflurane,succinylcholine",Malignant Hyperthermia
rs193922816,RYR1,Toxicity,1A,"desflurane,enflurane,halothane,isoflurane,methoxyflurane,sevoflurane,succinylcholine",Malignant Hyperthermia
rs193922748,RYR1,Toxicity,1A,"desflurane,enflurane,halothane,isoflurane,methoxyflurane,sevoflurane,succinylcholine",Malignant Hyperthermia
rs118192161,RYR1,Toxicity,1A,"desflurane,enflurane,halothane,isoflurane,methoxyflurane,sevoflurane,succinylcholine",Malignant Hyperthermia
rs121918595,RYR1,Toxicity,1A,"desflurane,enflurane,halothane,isoflurane,methoxyflurane,sevoflurane,succinylcholine",Malignant Hyperthermia
rs121918596,RYR1,Toxicity,1A,"desflurane,enflurane,halothane,isoflurane,methoxyflurane,sevoflurane,succinylcholine",Malignant Hyperthermia
rs193922753,RYR1,Toxicity,1A,"desflurane,enflurane,halothane,isoflurane,methoxyflurane,sevoflurane,succinylcholine",Malignant Hyperthermia
rs121918593,RYR1,Toxicity,1A,"desflurane,enflurane,halothane,isoflurane,methoxyflurane,sevoflurane,succinylcholine",Malignant Hyperthermia
rs28933396,RYR1,Toxicity,1A,"desflurane,enflurane,halothane,isoflurane,methoxyflurane,sevoflurane,succinylcholine",Malignant Hyperthermia
rs193922807,RYR1,Toxicity,1A,"desflurane,enflurane,halothane,isoflurane,methoxyflurane,sevoflurane,succinylcholine",Malignant Hyperthermia
rs118192162,RYR1,Toxicity,1A,"desflurane,enflurane,halothane,isoflurane,methoxyflurane,sevoflurane,succinylcholine",Malignant Hyperthermia
rs193922768,RYR1,Toxicity,1A,"desflurane,enflurane,halothane,isoflurane,methoxyflurane,sevoflurane,succinylcholine",Malignant Hyperthermia
rs121918592,RYR1,Toxicity,1A,"desflurane,enflurane,halothane,isoflurane,methoxyflurane,sevoflurane,succinylcholine",Malignant Hyperthermia
rs193922747,RYR1,Toxicity,1A,"desflurane,enflurane,halothane,isoflurane,methoxyflurane,sevoflurane,succinylcholine",Malignant Hyperthermia
rs118192122,RYR1,Toxicity,1A,"desflurane,enflurane,halothane,isoflurane,methoxyflurane,sevoflurane,succinylcholine",Malignant Hyperthermia
rs118192172,RYR1,Toxicity,1A,"desflurane,enflurane,halothane,isoflurane,methoxyflurane,sevoflurane,succinylcholine",Malignant Hyperthermia
rs118192168,RYR1,Toxicity,1A,"desflurane,enflurane,halothane,isoflurane,methoxyflurane,sevoflurane,succinylcholine",Malignant Hyperthermia
rs121918594,RYR1,Toxicity,1A,"desflurane,enflurane,halothane,isoflurane,methoxyflurane,sevoflurane,succinylcholine",Malignant Hyperthermia
rs193922803,RYR1,Toxicity,1A,"desflurane,enflurane,halothane,isoflurane,methoxyflurane,sevoflurane,succinylcholine",Malignant Hyperthermia
rs193922878,RYR1,Toxicity,1A,"desflurane,enflurane,halothane,isoflurane,methoxyflurane,sevoflurane,succinylcholine",Malignant Hyperthermia
rs193922876,RYR1,Toxicity,1A,"desflurane,enflurane,halothane,isoflurane,methoxyflurane,sevoflurane,succinylcholine",Malignant Hyperthermia
rs193922764,RYR1,Toxicity,1A,"desflurane,enflurane,halothane,isoflurane,methoxyflurane,sevoflurane,succinylcholine",Malignant Hyperthermia
rs193922772,RYR1,Toxicity,1A,"desflurane,enflurane,halothane,isoflurane,methoxyflurane,sevoflurane,succinylcholine",Malignant Hyperthermia
rs193922818,RYR1,Toxicity,1A,"desflurane,enflurane,halothane,isoflurane,methoxyflurane,sevoflurane,succinylcholine",Malignant Hyperthermia
rs118192163,RYR1,Toxicity,1A,"desflurane,enflurane,halothane,isoflurane,methoxyflurane,sevoflurane,succinylcholine",Malignant Hyperthermia
rs1800559,CACNA1S,Toxicity,1A,enflurane,Malignant Hyperthermia
rs772226819,CACNA1S,Toxicity,1A,succinylcholine,Malignant Hyperthermia
rs1800559,CACNA1S,Toxicity,1A,halothane,Malignant Hyperthermia
rs1800559,CACNA1S,Toxicity,1A,sevoflurane,Malignant Hyperthermia
rs772226819,CACNA1S,Toxicity,1A,halothane,Malignant Hyperthermia
rs772226819,CACNA1S,Toxicity,1A,sevoflurane,Malignant Hyperthermia
rs1800559,CACNA1S,Toxicity,1A,isoflurane,Malignant Hyperthermia
rs772226819,CACNA1S,Toxicity,1A,desflurane,Malignant Hyperthermia
rs772226819,CACNA1S,Toxicity,1A,isoflurane,Malignant Hyperthermia
rs1800559,CACNA1S,Toxicity,1A,succinylcholine,Malignant Hyperthermia
rs1800559,CACNA1S,Toxicity,1A,desflurane,Malignant Hyperthermia
rs772226819,CACNA1S,Toxicity,1A,methoxyflurane,Malignant Hyperthermia
rs772226819,CACNA1S,Toxicity,1A,enflurane,Malignant Hyperthermia
rs1800559,CACNA1S,Toxicity,1A,methoxyflurane,
rs111888148,RYR1,Toxicity,1A,"desflurane,enflurane,halothane,isoflurane,methoxyflurane,sevoflurane,succinylcholine",Malignant Hyperthermia
rs118192178,RYR1,Toxicity,1A,"desflurane,enflurane,halothane,isoflurane,methoxyflurane,sevoflurane,succinylcholine",Malignant Hyperthermia
rs3745274,CYP2B6,Metabolism/PK,1A,efavirenz,HIV infectious disease
"CYP3A5*1, CYP3A5*3, CYP3A5*6, CYP3A5*7",CYP3A5,Metabolism/PK,1A,tacrolimus,"Heart transplantation,Hematopoietic stem cell transplantation,Kidney Transplantation,Lung transplantation"
"CYP2C19*1, CYP2C19*2, CYP2C19*3, CYP2C19*4, CYP2C19*5, CYP2C19*6, CYP2C19*8, CYP2C19*17",CYP2C19,"Efficacy,Toxicity",1A,clopidogrel,"Acute coronary syndrome,Cardiovascular Disease,Stroke,Transient Ischemic Attack"
rs267606617,MT-RNR1,Toxicity,1A,neomycin,Ototoxicity
"CYP3A4*1, CYP3A4*20, CYP3A4*22",CYP3A4,Metabolism/PK,1A,quetiapine,
"CYP2D6*1, CYP2D6*2, CYP2D6*3, CYP2D6*4, CYP2D6*5, CYP2D6*6, CYP2D6*9, CYP2D6*10, CYP2D6*17, CYP2D6*29, CYP2D6*31, CYP2D6*35, CYP2D6*41",CYP2D6,Metabolism/PK,1A,metoprolol,Hypertension
"CYP2D6*1, CYP2D6*4, CYP2D6*5, CYP2D6*6, CYP2D6*10, CYP2D6*14",CYP2D6,Metabolism/PK,1A,fluvoxamine,Depressive Disorder
"CYP2D6*1, CYP2D6*3, CYP2D6*4, CYP2D6*4xN, CYP2D6*5, CYP2D6*6",CYP2D6,Toxicity,1A,atomoxetine,Attention Deficit Disorder with Hyperactivity
"TPMT*1, TPMT*2, TPMT*3A, TPMT*3B, TPMT*3C, TPMT*9",TPMT,Dosage,1A,mercaptopurine,Dose reduction
"TPMT*1, TPMT*2, TPMT*3A, TPMT*3B, TPMT*3C, TPMT*4, TPMT*6, TPMT*9, TPMT*12",TPMT,Toxicity,1A,mercaptopurine,
"TPMT*1, TPMT*2, TPMT*3A, TPMT*3B, TPMT*3C, TPMT*6",TPMT,Toxicity,1A,azathioprine,"Leukopenia,Myelosuppression"
"CYP2C9*1, CYP2C9*2, CYP2C9*3, CYP2C9*13",CYP2C9,Metabolism/PK,1A,meloxicam,
HLA-B*58:01,HLA-B,Toxicity,1A,allopurinol,"Drug Hypersensitivity,Drug Reaction with Eosinophilia and Systemic Symptoms,Severe Cutaneous Adverse Reactions,Stevens-Johnson Syndrome,Toxic Epidermal Necrolysis"
"CYP3A5*1, CYP3A5*3, CYP3A5*6, CYP3A5*7",CYP3A5,Dosage,1A,tacrolimus,"Heart transplantation,Hematopoietic stem cell transplantation,Kidney Transplantation,Liver transplantation,Lung transplantation"
"CYP2D6*1, CYP2D6*1xN, CYP2D6*2, CYP2D6*2xN",CYP2D6,Toxicity,1A,tramadol,"Cardiotoxicity,Drug Toxicity"
"UGT1A1*1, UGT1A1*28",UGT1A1,Toxicity,1A,sacituzumab govitecan,"adverse events,Discontinuation,Neutropenia"
rs121908751,CFTR,Efficacy,1A,elexacaftor / tezacaftor / ivacaftor,Cystic Fibrosis
rs397508602,CFTR,Efficacy,1A,ivacaftor,Cystic Fibrosis
rs1800100,CFTR,Efficacy,1A,ivacaftor,Cystic Fibrosis
rs1800111,CFTR,Efficacy,1A,ivacaftor,Cystic Fibrosis
rs77409459,CFTR,Efficacy,1A,ivacaftor,Cystic Fibrosis
rs35516286,CFTR,Efficacy,1A,"elexacaftor / tezacaftor / ivacaftor,ivacaftor",Cystic Fibrosis
rs186089140,CFTR,Efficacy,1A,"elexacaftor / tezacaftor / ivacaftor,ivacaftor",Cystic Fibrosis
rs75039782,CFTR,Efficacy,1A,"elexacaftor / tezacaftor / ivacaftor,ivacaftor",Cystic Fibrosis
rs1800076,CFTR,Efficacy,1A,"elexacaftor / tezacaftor / ivacaftor,ivacaftor",Cystic Fibrosis
rs80224560,CFTR,Efficacy,1A,"elexacaftor / tezacaftor / ivacaftor,ivacaftor",Cystic Fibrosis
rs397508572,CFTR,Efficacy,1A,"elexacaftor / tezacaftor / ivacaftor,ivacaftor",Cystic Fibrosis
rs397508573,CFTR,Efficacy,1A,"elexacaftor / tezacaftor / ivacaftor,ivacaftor",Cystic Fibrosis
rs121908755,CFTR,Efficacy,1A,ivacaftor,Cystic Fibrosis
rs74551128,CFTR,Efficacy,1A,ivacaftor,Cystic Fibrosis
rs397508537,CFTR,Efficacy,1A,ivacaftor,Cystic Fibrosis
rs113993958,CFTR,Efficacy,1A,ivacaftor,Cystic Fibrosis
rs77834169,CFTR,Efficacy,1A,ivacaftor,Cystic Fibrosis
rs75527207,CFTR,Efficacy,1A,ivacaftor,Cystic Fibrosis
rs78769542,CFTR,Efficacy,1A,ivacaftor,Cystic Fibrosis
rs186045772,CFTR,Efficacy,1A,ivacaftor,Cystic Fibrosis
rs397508256,CFTR,Efficacy,1A,ivacaftor,Cystic Fibrosis
rs75541969,CFTR,Efficacy,1A,ivacaftor,Cystic Fibrosis
rs121908757,CFTR,Efficacy,1A,ivacaftor,Cystic Fibrosis
rs368505753,CFTR,Efficacy,1A,ivacaftor,Cystic Fibrosis
rs115545701,CFTR,Efficacy,1A,ivacaftor,Cystic Fibrosis
rs11971167,CFTR,Efficacy,1A,ivacaftor,Cystic Fibrosis
rs193922525,CFTR,Efficacy,1A,ivacaftor,Cystic Fibrosis
rs121908753,CFTR,Efficacy,1A,ivacaftor,Cystic Fibrosis
rs121909041,CFTR,Efficacy,1A,ivacaftor,Cystic Fibrosis
rs267606723,CFTR,Efficacy,1A,ivacaftor,Cystic Fibrosis
rs397508513,CFTR,Efficacy,1A,ivacaftor,Cystic Fibrosis
rs78655421,CFTR,Efficacy,1A,ivacaftor,Cystic Fibrosis
rs121909005,CFTR,Efficacy,1A,ivacaftor,Cystic Fibrosis
rs121909020,CFTR,Efficacy,1A,ivacaftor,Cystic Fibrosis
rs202179988,CFTR,Efficacy,1A,ivacaftor,Cystic Fibrosis
rs121909013,CFTR,Efficacy,1A,ivacaftor,Cystic Fibrosis
rs36210737,CFTR,Efficacy,1A,elexacaftor / tezacaftor / ivacaftor,Cystic Fibrosis
rs77932196,CFTR,Efficacy,1A,elexacaftor / tezacaftor / ivacaftor,Cystic Fibrosis
rs397508759,CFTR,Efficacy,1A,ivacaftor,Cystic Fibrosis
rs397508442,CFTR,Efficacy,1A,ivacaftor,Cystic Fibrosis
rs141033578,CFTR,Efficacy,1A,ivacaftor,Cystic Fibrosis
rs150212784,CFTR,Efficacy,1A,ivacaftor,Cystic Fibrosis
rs121908752,CFTR,Efficacy,1A,ivacaftor,Cystic Fibrosis
rs74503330,CFTR,Efficacy,1A,ivacaftor,Cystic Fibrosis
rs80282562,CFTR,Efficacy,1A,ivacaftor,Cystic Fibrosis
rs397508288,CFTR,Efficacy,1A,ivacaftor,Cystic Fibrosis
rs77932196,CFTR,Efficacy,1A,ivacaftor,Cystic Fibrosis
"CYP2D6*1, CYP2D6*1xN, CYP2D6*2, CYP2D6*2xN, CYP2D6*3, CYP2D6*4, CYP2D6*5, CYP2D6*6, CYP2D6*10, CYP2D6*17, CYP2D6*29, CYP2D6*36, CYP2D6*41",CYP2D6,Metabolism/PK,1A,codeine,
rs267606617,MT-RNR1,Toxicity,1A,gentamicin,Ototoxicity
HLA-A*31:01,HLA-A,Toxicity,1A,carbamazepine,"Drug Hypersensitivity,Drug Reaction with Eosinophilia and Systemic Symptoms,Maculopapular Exanthema,Stevens-Johnson Syndrome,Toxic Epidermal Necrolysis"
"CYP2C9*1, CYP2C9*2, CYP2C9*3",CYP2C9,Metabolism/PK,1A,siponimod,
"NAT2*4, NAT2*5, NAT2*6, NAT2*7, NAT2*16",NAT2,Metabolism/PK,1A,hydralazine,
"NAT2*6, NAT2*7, NAT2*14, NAT2*16",NAT2,Toxicity,1A,hydralazine,Hypertension
"NAT2*1, NAT2*4, NAT2*6, NAT2*7, NAT2*14, NAT2*16",NAT2,Efficacy,1A,hydralazine,Hypertension
"NUDT15*1, NUDT15*3, NUDT15*4, NUDT15*5, NUDT15*6, NUDT15*7, NUDT15*8, NUDT15*9",NUDT15,Dosage,1A,mercaptopurine,Acute lymphoblastic leukemia
"NUDT15*1, NUDT15*3",NUDT15,Dosage,1A,azathioprine,
"NUDT15*1, NUDT15*3, NUDT15*4, NUDT15*5, NUDT15*6, NUDT15*9",NUDT15,Toxicity,1A,mercaptopurine,"Leukopenia,Myelosuppression,Neutropenia"
"NUDT15*1, NUDT15*3, NUDT15*4, NUDT15*5, NUDT15*6, NUDT15*9",NUDT15,Toxicity,1A,azathioprine,"Leukopenia,Myelosuppression,Neutropenia"
rs11881222,IFNL3,Efficacy,2A,"peginterferon alfa-2a,peginterferon alfa-2b,ribavirin","Hepatitis C virus infection,HIV infectious disease"
rs8099917,IFNL3,Efficacy,2A,"peginterferon alfa-2a,peginterferon alfa-2b,ribavirin,telaprevir",Chronic hepatitis C virus infection
rs9923231,VKORC1,Efficacy,2A,warfarin,time to therapeutic inr
rs9923231,VKORC1,Efficacy,2A,warfarin,time in therapeutic range
rs1051266,SLC19A1,Efficacy,2A,methotrexate,Rheumatoid arthritis
HLA-B*13:01,HLA-B,Toxicity,2A,dapsone,"Drug Hypersensitivity,Drug Reaction with Eosinophilia and Systemic Symptoms,Leprosy,Maculopapular Exanthema,Severe Cutaneous Adverse Reactions,Stevens-Johnson Syndrome"
rs3745274,CYP2B6,Metabolism/PK,2A,nevirapine,HIV infectious disease
rs2231142,ABCG2,Efficacy,2A,rosuvastatin,"Hypercholesterolemia,Myocardial Infarction"
rs10929302,UGT1A1,Toxicity,2A,irinotecan,Neutropenia
rs4646437,CYP3A4,Metabolism/PK,2A,tacrolimus,"Kidney Transplantation,Liver transplantation,Proteinuria"
"CYP3A5*1, CYP3A5*3",CYP3A5,Dosage,2A,tacrolimus,Liver transplantation
HLA-B*59:01,HLA-B,Toxicity,2A,methazolamide,"Stevens-Johnson Syndrome,Toxic Epidermal Necrolysis"
"CYP2C9*1, CYP2C9*2, CYP2C9*3, CYP2C9*13, CYP2C9*14",CYP2C9,Efficacy,2A,warfarin,"Atrial Fibrillation,Heart valve replacement"
rs9934438,VKORC1,Dosage,2A,phenprocoumon,
rs9923231,VKORC1,Toxicity,2A,warfarin,Hemorrhage
rs9934438,VKORC1,Dosage,2A,acenocoumarol,
"CYP2D6*1, CYP2D6*3, CYP2D6*4, CYP2D6*5, CYP2D6*6, CYP2D6*10",CYP2D6,Dosage,2A,tramadol,Pain
rs2884737,VKORC1,Dosage,2A,warfarin,
rs2108622,CYP4F2,Dosage,2A,acenocoumarol,Atrial Fibrillation
"CYP3A5*1, CYP3A5*3",CYP3A5,Dosage,2A,tacrolimus,Liver transplantation
rs1042713,ADRB2,Efficacy,2A,salmeterol,Asthma
rs28399499,CYP2B6,Toxicity,2A,nevirapine,"Stevens-Johnson Syndrome,Toxic Epidermal Necrolysis"
rs9923231,VKORC1,Toxicity,2A,phenprocoumon,"Hemorrhage,over-anticoagulation,time above therapeutic range"
rs4149056,SLCO1B1,Toxicity,2A,HMG-CoA reductase inhibitors,statin-related myopathy
rs1799752,ACE,Efficacy,2A,captopril,"Chronic Obstructive Pulmonary Disease,Diabetes Mellitus, Type 2,Heart Failure"
"CYP2D6*1, CYP2D6*1xN, CYP2D6*3, CYP2D6*4, CYP2D6*5, CYP2D6*6",CYP2D6,Metabolism/PK,2A,mirtazapine,
"CYP2C19*1, CYP2C19*2, CYP2C19*3",CYP2C19,Metabolism/PK,2A,rabeprazole,
"CYP2B6*1, CYP2B6*4, CYP2B6*6, CYP2B6*18",CYP2B6,Metabolism/PK,2A,methadone,"Heroin Dependence,Opioid-Related Disorders"
"CYP2C9*1, CYP2C9*2, CYP2C9*3",CYP2C9,Toxicity,2A,acenocoumarol,Hemorrhage
"CYP3A4*1, CYP3A4*3, CYP3A4*20, CYP3A4*22",CYP3A4,Dosage,2A,tacrolimus,"Kidney Transplantation,Organ Transplantation"
rs61742245,VKORC1,Dosage,2A,warfarin,
HLA-B*40:01,HLA-B,Toxicity,2A,carbamazepine,"Drug Reaction with Eosinophilia and Systemic Symptoms,Severe Cutaneous Adverse Reactions,Stevens-Johnson Syndrome,Toxic Epidermal Necrolysis"
"CYP2D6*1, CYP2D6*1xN, CYP2D6*2, CYP2D6*2xN, CYP2D6*3, CYP2D6*4, CYP2D6*5, CYP2D6*6, CYP2D6*7",CYP2D6,Metabolism/PK,2A,oxycodone,Pain
rs1801133,MTHFR,Toxicity,2A,methotrexate,"Arthritis, Psoriatic,Drug Toxicity,Juvenile Rheumatoid Arthritis,Rheumatoid arthritis"
"HLA-B*13:01, HLA-B*15:02, HLA-B*38:02",HLA-B,Toxicity,2A,sulfamethoxazole / trimethoprim,"Stevens-Johnson Syndrome,Toxic Epidermal Necrolysis"
HLA-B*15:02,HLA-B,Toxicity,2A,antiepileptics,"Maculopapular Exanthema,Severe Cutaneous Adverse Reactions,Stevens-Johnson Syndrome,Toxic Epidermal Necrolysis"
rs2242480,CYP3A4,Dosage,2A,fentanyl,"Pain, Postoperative"
"CYP3A4*1, CYP3A4*18, CYP3A4*20, CYP3A4*22",CYP3A4,Metabolism/PK,2A,tacrolimus,"Kidney Transplantation,Laparoscopic sleeve gastrectomy,Liver transplantation,Lung transplantation"
rs2242480,CYP3A4,Metabolism/PK,2A,tacrolimus,"Kidney Transplantation,Liver transplantation"
"NAT2*1, NAT2*4, NAT2*5, NAT2*6, NAT2*6J, NAT2*7, NAT2*7G, NAT2*14, NAT2*16, NAT2*39",NAT2,Metabolism/PK,2A,isoniazid,Tuberculosis
rs1801133,MTHFR,Toxicity,2A,methotrexate,"Acute lymphoblastic leukemia,Drug Toxicity,Leukopenia,Lymphoma,Mucositis,Myelosuppression,Neoplasms,Neutropenia,Osteosarcoma,Primary central nervous system lymphoma,Thrombocytopenia,Toxic liver disease"
"CYP2B6*1, CYP2B6*4, CYP2B6*5, CYP2B6*6, CYP2B6*18, CYP2B6*22, CYP2B6*30",CYP2B6,Metabolism/PK,2A,bupropion,
"CYP2D6*1, CYP2D6*2, CYP2D6*2xN, CYP2D6*3, CYP2D6*4, CYP2D6*4xN, CYP2D6*5, CYP2D6*6, CYP2D6*8, CYP2D6*9, CYP2D6*10, CYP2D6*15, CYP2D6*17, CYP2D6*18, CYP2D6*21, CYP2D6*29, CYP2D6*36xN, CYP2D6*38",CYP2D6,Metabolism/PK,2A,debrisoquine,
"CYP2C19*1, CYP2C19*2, CYP2C19*3",CYP2C19,Metabolism/PK,2A,"clobazam,norclobazam",Epilepsy
