rs4244285,rs4986893,rs28399504,rs56337013,rs12248560,activity_score_total,gene,diplotype,phenotype,rs3745274,rs2279343,rs8192719,rs34223104,rs1799853,rs1057910,rs28371686,rs9332131,rs3892097,rs1065852,rs28371706,rs16947,rs5030655
1.0,1.0,1.0,1.0,1.0,2.0,CYP2C19,*1/*1,Normal Metabolizer,,,,,,,,,,,,,
0.5,1.0,1.0,1.0,1.0,1.0,CYP2C19,*1/*2,Intermediate Metabolizer,,,,,,,,,,,,,
0.5,1.0,1.0,1.0,1.0,1.0,CYP2C19,*2/*1,Intermediate Metabolizer,,,,,,,,,,,,,
1.0,0.5,1.0,1.0,1.0,1.0,CYP2C19,*1/*3,Intermediate Metabolizer,,,,,,,,,,,,,
1.0,0.5,1.0,1.0,1.0,1.0,CYP2C19,*3/*1,Intermediate Metabolizer,,,,,,,,,,,,,
1.0,1.0,0.5,1.0,1.0,1.0,CYP2C19,*1/*4,Intermediate Metabolizer,,,,,,,,,,,,,
1.0,1.0,0.5,1.0,1.0,1.0,CYP2C19,*4/*1,Intermediate Metabolizer,,,,,,,,,,,,,
1.0,1.0,1.0,0.5,1.0,1.0,CYP2C19,*1/*5,Intermediate Metabolizer,,,,,,,,,,,,,
1.0,1.0,1.0,0.5,1.0,1.0,CYP2C19,*5/*1,Intermediate Metabolizer,,,,,,,,,,,,,
0.0,1.0,1.0,1.0,1.0,0.0,CYP2C19,*2/*2,Poor Metabolizer,,,,,,,,,,,,,
0.5,0.5,1.0,1.0,1.0,0.0,CYP2C19,*2/*3,Poor Metabolizer,,,,,,,,,,,,,
0.5,0.5,1.0,1.0,1.0,0.0,CYP2C19,*3/*2,Poor Metabolizer,,,,,,,,,,,,,
0.5,1.0,0.5,1.0,1.0,0.0,CYP2C19,*2/*4,Poor Metabolizer,,,,,,,,,,,,,
0.5,1.0,0.5,1.0,1.0,0.0,CYP2C19,*4/*2,Poor Metabolizer,,,,,,,,,,,,,
0.5,1.0,1.0,0.5,1.0,0.0,CYP2C19,*2/*5,Poor Metabolizer,,,,,,,,,,,,,
0.5,1.0,1.0,0.5,1.0,0.0,CYP2C19,*5/*2,Poor Metabolizer,,,,,,,,,,,,,
1.0,0.0,1.0,1.0,1.0,0.0,CYP2C19,*3/*3,Poor Metabolizer,,,,,,,,,,,,,
1.0,0.5,0.5,1.0,1.0,0.0,CYP2C19,*3/*4,Poor Metabolizer,,,,,,,,,,,,,
1.0,0.5,0.5,1.0,1.0,0.0,CYP2C19,*4/*3,Poor Metabolizer,,,,,,,,,,,,,
1.0,1.0,0.0,1.0,1.0,0.0,CYP2C19,*4/*4,Poor Metabolizer,,,,,,,,,,,,,
1.0,1.0,1.0,1.0,1.25,2.5,CYP2C19,*1/*17,Ultrarapid Metabolizer,,,,,,,,,,,,,
1.0,1.0,1.0,1.0,1.25,2.5,CYP2C19,*17/*1,Ultrarapid Metabolizer,,,,,,,,,,,,,
1.0,1.0,1.0,1.0,1.5,3.0,CYP2C19,*17/*17,Ultrarapid Metabolizer,,,,,,,,,,,,,
0.5,1.0,1.0,1.0,1.25,1.5,CYP2C19,*2/*17,Intermediate Metabolizer,,,,,,,,,,,,,
0.5,1.0,1.0,1.0,1.25,1.5,CYP2C19,*17/*2,Intermediate Metabolizer,,,,,,,,,,,,,
1.0,0.5,1.0,1.0,1.25,1.5,CYP2C19,*3/*17,Intermediate Metabolizer,,,,,,,,,,,,,
1.0,0.5,1.0,1.0,1.25,1.5,CYP2C19,*17/*3,Intermediate Metabolizer,,,,,,,,,,,,,
,,,,,2.0,CYP2B6,*1/*1,Normal Metabolizer,1.0,1.0,1.0,1.0,,,,,,,,,
,,,,,1.5,CYP2B6,*1/*6,Intermediate Metabolizer,0.75,0.75,1.0,1.0,,,,,,,,,
,,,,,1.5,CYP2B6,*6/*1,Intermediate Metabolizer,0.75,0.75,1.0,1.0,,,,,,,,,
,,,,,1.0,CYP2B6,*6/*6,Poor Metabolizer,0.5,0.5,1.0,1.0,,,,,,,,,
,,,,,1.0,CYP2B6,*1/*18,Intermediate Metabolizer,1.0,1.0,0.5,1.0,,,,,,,,,
,,,,,1.0,CYP2B6,*18/*1,Intermediate Metabolizer,1.0,1.0,0.5,1.0,,,,,,,,,
,,,,,0.5,CYP2B6,*6/*18,Poor Metabolizer,0.75,0.75,0.5,1.0,,,,,,,,,
,,,,,0.5,CYP2B6,*18/*6,Poor Metabolizer,0.75,0.75,0.5,1.0,,,,,,,,,
,,,,,0.0,CYP2B6,*18/*18,Poor Metabolizer,1.0,1.0,0.0,1.0,,,,,,,,,
,,,,,2.5,CYP2B6,*1/*4,Ultrarapid Metabolizer,1.0,1.25,1.0,1.0,,,,,,,,,
,,,,,2.5,CYP2B6,*4/*1,Ultrarapid Metabolizer,1.0,1.25,1.0,1.0,,,,,,,,,
,,,,,2.0,CYP2B6,*4/*6,Normal Metabolizer,0.75,1.0,1.0,1.0,,,,,,,,,
,,,,,2.0,CYP2B6,*6/*4,Normal Metabolizer,0.75,1.0,1.0,1.0,,,,,,,,,
,,,,,1.5,CYP2B6,*4/*18,Intermediate Metabolizer,1.0,1.25,0.5,1.0,,,,,,,,,
,,,,,1.5,CYP2B6,*18/*4,Intermediate Metabolizer,1.0,1.25,0.5,1.0,,,,,,,,,
,,,,,1.0,CYP2B6,*1/*11,Intermediate Metabolizer,1.0,1.0,1.0,0.5,,,,,,,,,
,,,,,1.0,CYP2B6,*11/*1,Intermediate Metabolizer,1.0,1.0,1.0,0.5,,,,,,,,,
,,,,,0.5,CYP2B6,*6/*11,Poor Metabolizer,0.75,0.75,1.0,0.5,,,,,,,,,
,,,,,0.5,CYP2B6,*11/*6,Poor Metabolizer,0.75,0.75,1.0,0.5,,,,,,,,,
,,,,,2.0,CYP2C9,*1/*1,Normal Metabolizer,,,,,1.0,1.0,1.0,1.0,,,,,
,,,,,1.5,CYP2C9,*1/*2,Intermediate Metabolizer,,,,,0.75,1.0,1.0,1.0,,,,,
,,,,,1.5,CYP2C9,*2/*1,Intermediate Metabolizer,,,,,0.75,1.0,1.0,1.0,,,,,
,,,,,1.0,CYP2C9,*1/*3,Intermediate Metabolizer,,,,,1.0,0.5,1.0,1.0,,,,,
,,,,,1.0,CYP2C9,*3/*1,Intermediate Metabolizer,,,,,1.0,0.5,1.0,1.0,,,,,
,,,,,1.0,CYP2C9,*2/*2,Intermediate Metabolizer,,,,,0.5,1.0,1.0,1.0,,,,,
,,,,,0.5,CYP2C9,*2/*3,Poor Metabolizer,,,,,0.75,0.5,1.0,1.0,,,,,
,,,,,0.5,CYP2C9,*3/*2,Poor Metabolizer,,,,,0.75,0.5,1.0,1.0,,,,,
,,,,,0.0,CYP2C9,*3/*3,Poor Metabolizer,,,,,1.0,0.0,1.0,1.0,,,,,
,,,,,1.0,CYP2C9,*1/*5,Intermediate Metabolizer,,,,,1.0,1.0,0.5,1.0,,,,,
,,,,,1.0,CYP2C9,*5/*1,Intermediate Metabolizer,,,,,1.0,1.0,0.5,1.0,,,,,
,,,,,1.0,CYP2C9,*1/*6,Intermediate Metabolizer,,,,,1.0,1.0,1.0,0.5,,,,,
,,,,,1.0,CYP2C9,*6/*1,Intermediate Metabolizer,,,,,1.0,1.0,1.0,0.5,,,,,
,,,,,0.5,CYP2C9,*2/*5,Poor Metabolizer,,,,,0.75,1.0,0.5,1.0,,,,,
,,,,,0.5,CYP2C9,*5/*2,Poor Metabolizer,,,,,0.75,1.0,0.5,1.0,,,,,
,,,,,0.0,CYP2C9,*3/*5,Poor Metabolizer,,,,,1.0,0.5,0.5,1.0,,,,,
,,,,,0.0,CYP2C9,*5/*3,Poor Metabolizer,,,,,1.0,0.5,0.5,1.0,,,,,
,,,,,0.0,CYP2C9,*5/*5,Poor Metabolizer,,,,,1.0,1.0,0.0,1.0,,,,,
,,,,,2.0,CYP2D6,*1/*1,Normal Metabolizer,,,,,,,,,1.0,1.0,1.0,1.0,1.0
,,,,,1.0,CYP2D6,*1/*4,Intermediate Metabolizer,,,,,,,,,0.5,1.0,1.0,1.0,1.0
,,,,,1.0,CYP2D6,*4/*1,Intermediate Metabolizer,,,,,,,,,0.5,1.0,1.0,1.0,1.0
,,,,,1.0,CYP2D6,*1/*5,Intermediate Metabolizer,,,,,,,,,1.0,0.5,1.0,1.0,1.0
,,,,,1.0,CYP2D6,*5/*1,Intermediate Metabolizer,,,,,,,,,1.0,0.5,1.0,1.0,1.0
,,,,,1.5,CYP2D6,*1/*10,Intermediate Metabolizer,,,,,,,,,1.0,1.0,0.75,1.0,1.0
,,,,,1.5,CYP2D6,*10/*1,Intermediate Metabolizer,,,,,,,,,1.0,1.0,0.75,1.0,1.0
,,,,,1.5,CYP2D6,*1/*41,Intermediate Metabolizer,,,,,,,,,1.0,1.0,1.0,0.75,1.0
,,,,,1.5,CYP2D6,*41/*1,Intermediate Metabolizer,,,,,,,,,1.0,1.0,1.0,0.75,1.0
,,,,,0.0,CYP2D6,*4/*4,Poor Metabolizer,,,,,,,,,0.0,1.0,1.0,1.0,1.0
,,,,,0.0,CYP2D6,*4/*5,Poor Metabolizer,,,,,,,,,0.5,0.5,1.0,1.0,1.0
,,,,,0.0,CYP2D6,*5/*4,Poor Metabolizer,,,,,,,,,0.5,0.5,1.0,1.0,1.0
,,,,,0.0,CYP2D6,*5/*5,Poor Metabolizer,,,,,,,,,1.0,0.0,1.0,1.0,1.0
,,,,,0.0,CYP2D6,*4/*6,Poor Metabolizer,,,,,,,,,0.5,1.0,1.0,1.0,0.5
,,,,,0.0,CYP2D6,*6/*4,Poor Metabolizer,,,,,,,,,0.5,1.0,1.0,1.0,0.5
,,,,,0.0,CYP2D6,*5/*6,Poor Metabolizer,,,,,,,,,1.0,0.5,1.0,1.0,0.5
,,,,,0.0,CYP2D6,*6/*5,Poor Metabolizer,,,,,,,,,1.0,0.5,1.0,1.0,0.5
,,,,,0.0,CYP2D6,*6/*6,Poor Metabolizer,,,,,,,,,1.0,1.0,1.0,1.0,0.0
,,,,,1.0,CYP2D6,*10/*10,Intermediate Metabolizer,,,,,,,,,1.0,1.0,0.5,1.0,1.0
,,,,,1.0,CYP2D6,*41/*41,Intermediate Metabolizer,,,,,,,,,1.0,1.0,1.0,0.5,1.0
,,,,,0.5,CYP2D6,*4/*10,Poor Metabolizer,,,,,,,,,0.5,1.0,0.75,1.0,1.0
,,,,,0.5,CYP2D6,*10/*4,Poor Metabolizer,,,,,,,,,0.5,1.0,0.75,1.0,1.0
,,,,,3.0,CYP2D6,*1/*2xN,Ultrarapid Metabolizer,,,,,,,,,1.0,1.0,1.0,1.5,1.0
,,,,,3.0,CYP2D6,*2xN/*1,Ultrarapid Metabolizer,,,,,,,,,1.0,1.0,1.0,1.5,1.0
,,,,,4.0,CYP2D6,*2xN/*2xN,Ultrarapid Metabolizer,,,,,,,,,1.0,1.0,1.0,2.0,1.0
,,,,,2.0,CYP2D6,*4/*2xN,Normal Metabolizer,,,,,,,,,0.5,1.0,1.0,1.5,1.0
,,,,,2.0,CYP2D6,*2xN/*4,Normal Metabolizer,,,,,,,,,0.5,1.0,1.0,1.5,1.0
