rs4244285,rs4986893,rs28399504,rs56337013,rs12248560,activity_score_total,gene,diplotype,phenotype
1.0,1.0,1.0,1.0,1.0,2.0,CYP2C19,*1/*1,Normal Metabolizer
0.5,1.0,1.0,1.0,1.0,1.0,CYP2C19,*1/*2,Intermediate Metabolizer
0.5,1.0,1.0,1.0,1.0,1.0,CYP2C19,*2/*1,Intermediate Metabolizer
1.0,0.5,1.0,1.0,1.0,1.0,CYP2C19,*1/*3,Intermediate Metabolizer
1.0,0.5,1.0,1.0,1.0,1.0,CYP2C19,*3/*1,Intermediate Metabolizer
1.0,1.0,0.5,1.0,1.0,1.0,CYP2C19,*1/*4,Intermediate Metabolizer
1.0,1.0,0.5,1.0,1.0,1.0,CYP2C19,*4/*1,Intermediate Metabolizer
1.0,1.0,1.0,0.5,1.0,1.0,CYP2C19,*1/*5,Intermediate Metabolizer
1.0,1.0,1.0,0.5,1.0,1.0,CYP2C19,*5/*1,Intermediate Metabolizer
0.0,1.0,1.0,1.0,1.0,0.0,CYP2C19,*2/*2,Poor Metabolizer
0.5,0.5,1.0,1.0,1.0,0.0,CYP2C19,*2/*3,Poor Metabolizer
0.5,0.5,1.0,1.0,1.0,0.0,CYP2C19,*3/*2,Poor Metabolizer
0.5,1.0,0.5,1.0,1.0,0.0,CYP2C19,*2/*4,Poor Metabolizer
0.5,1.0,0.5,1.0,1.0,0.0,CYP2C19,*4/*2,Poor Metabolizer
0.5,1.0,1.0,0.5,1.0,0.0,CYP2C19,*2/*5,Poor Metabolizer
0.5,1.0,1.0,0.5,1.0,0.0,CYP2C19,*5/*2,Poor Metabolizer
1.0,0.0,1.0,1.0,1.0,0.0,CYP2C19,*3/*3,Poor Metabolizer
1.0,0.5,0.5,1.0,1.0,0.0,CYP2C19,*3/*4,Poor Metabolizer
1.0,0.5,0.5,1.0,1.0,0.0,CYP2C19,*4/*3,Poor Metabolizer
1.0,1.0,0.0,1.0,1.0,0.0,CYP2C19,*4/*4,Poor Metabolizer
1.0,1.0,1.0,1.0,1.25,2.5,CYP2C19,*1/*17,Ultrarapid Metabolizer
1.0,1.0,1.0,1.0,1.25,2.5,CYP2C19,*17/*1,Ultrarapid Metabolizer
1.0,1.0,1.0,1.0,1.5,3.0,CYP2C19,*17/*17,Ultrarapid Metabolizer
0.5,1.0,1.0,1.0,1.25,1.5,CYP2C19,*2/*17,Intermediate Metabolizer
0.5,1.0,1.0,1.0,1.25,1.5,CYP2C19,*17/*2,Intermediate Metabolizer
1.0,0.5,1.0,1.0,1.25,1.5,CYP2C19,*3/*17,Intermediate Metabolizer
1.0,0.5,1.0,1.0,1.25,1.5,CYP2C19,*17/*3,Intermediate Metabolizer
