rs3892097,rs1065852,rs28371706,rs16947,rs5030655,activity_score_total,gene,diplotype,phenotype
1.0,1.0,1.0,1.0,1.0,2.0,CYP2D6,*1/*1,Normal Metabolizer
0.5,1.0,1.0,1.0,1.0,1.0,CYP2D6,*1/*4,Intermediate Metabolizer
0.5,1.0,1.0,1.0,1.0,1.0,CYP2D6,*4/*1,Intermediate Metabolizer
1.0,0.5,1.0,1.0,1.0,1.0,CYP2D6,*1/*5,Intermediate Metabolizer
1.0,0.5,1.0,1.0,1.0,1.0,CYP2D6,*5/*1,Intermediate Metabolizer
1.0,1.0,0.75,1.0,1.0,1.5,CYP2D6,*1/*10,Intermediate Metabolizer
1.0,1.0,0.75,1.0,1.0,1.5,CYP2D6,*10/*1,Intermediate Metabolizer
1.0,1.0,1.0,0.75,1.0,1.5,CYP2D6,*1/*41,Intermediate Metabolizer
1.0,1.0,1.0,0.75,1.0,1.5,CYP2D6,*41/*1,Intermediate Metabolizer
0.0,1.0,1.0,1.0,1.0,0.0,CYP2D6,*4/*4,Poor Metabolizer
0.5,0.5,1.0,1.0,1.0,0.0,CYP2D6,*4/*5,Poor Metabolizer
0.5,0.5,1.0,1.0,1.0,0.0,CYP2D6,*5/*4,Poor Metabolizer
1.0,0.0,1.0,1.0,1.0,0.0,CYP2D6,*5/*5,Poor Metabolizer
0.5,1.0,1.0,1.0,0.5,0.0,CYP2D6,*4/*6,Poor Metabolizer
0.5,1.0,1.0,1.0,0.5,0.0,CYP2D6,*6/*4,Poor Metabolizer
1.0,0.5,1.0,1.0,0.5,0.0,CYP2D6,*5/*6,Poor Metabolizer
1.0,0.5,1.0,1.0,0.5,0.0,CYP2D6,*6/*5,Poor Metabolizer
1.0,1.0,1.0,1.0,0.0,0.0,CYP2D6,*6/*6,Poor Metabolizer
1.0,1.0,0.5,1.0,1.0,1.0,CYP2D6,*10/*10,Intermediate Metabolizer
1.0,1.0,1.0,0.5,1.0,1.0,CYP2D6,*41/*41,Intermediate Metabolizer
0.5,1.0,0.75,1.0,1.0,0.5,CYP2D6,*4/*10,Poor Metabolizer
0.5,1.0,0.75,1.0,1.0,0.5,CYP2D6,*10/*4,Poor Metabolizer
1.0,1.0,1.0,1.5,1.0,3.0,CYP2D6,*1/*2xN,Ultrarapid Metabolizer
1.0,1.0,1.0,1.5,1.0,3.0,CYP2D6,*2xN/*1,Ultrarapid Metabolizer
1.0,1.0,1.0,2.0,1.0,4.0,CYP2D6,*2xN/*2xN,Ultrarapid Metabolizer
0.5,1.0,1.0,1.5,1.0,2.0,CYP2D6,*4/*2xN,Normal Metabolizer
0.5,1.0,1.0,1.5,1.0,2.0,CYP2D6,*2xN/*4,Normal Metabolizer
