rs3745274,rs2279343,rs8192719,rs34223104,activity_score_total,gene,diplotype,phenotype
1.0,1.0,1.0,1.0,2.0,CYP2B6,*1/*1,Normal Metabolizer
0.75,0.75,1.0,1.0,1.5,CYP2B6,*1/*6,Intermediate Metabolizer
0.75,0.75,1.0,1.0,1.5,CYP2B6,*6/*1,Intermediate Metabolizer
0.5,0.5,1.0,1.0,1.0,CYP2B6,*6/*6,Poor Metabolizer
1.0,1.0,0.5,1.0,1.0,CYP2B6,*1/*18,Intermediate Metabolizer
1.0,1.0,0.5,1.0,1.0,CYP2B6,*18/*1,Intermediate Metabolizer
0.75,0.75,0.5,1.0,0.5,CYP2B6,*6/*18,Poor Metabolizer
0.75,0.75,0.5,1.0,0.5,CYP2B6,*18/*6,Poor Metabolizer
1.0,1.0,0.0,1.0,0.0,CYP2B6,*18/*18,Poor Metabolizer
1.0,1.25,1.0,1.0,2.5,CYP2B6,*1/*4,Ultrarapid Metabolizer
1.0,1.25,1.0,1.0,2.5,CYP2B6,*4/*1,Ultrarapid Metabolizer
0.75,1.0,1.0,1.0,2.0,CYP2B6,*4/*6,Normal Metabolizer
0.75,1.0,1.0,1.0,2.0,CYP2B6,*6/*4,Normal Metabolizer
1.0,1.25,0.5,1.0,1.5,CYP2B6,*4/*18,Intermediate Metabolizer
1.0,1.25,0.5,1.0,1.5,CYP2B6,*18/*4,Intermediate Metabolizer
1.0,1.0,1.0,0.5,1.0,CYP2B6,*1/*11,Intermediate Metabolizer
1.0,1.0,1.0,0.5,1.0,CYP2B6,*11/*1,Intermediate Metabolizer
0.75,0.75,1.0,0.5,0.5,CYP2B6,*6/*11,Poor Metabolizer
0.75,0.75,1.0,0.5,0.5,CYP2B6,*11/*6,Poor Metabolizer
