medicament,pubchem_cid,smiles,bits_actifs
1-hydroxymidazolam,107917,C1C2=CN=C(N2C3=C(C=C(C=C3)Cl)C(=N1)C4=CC=CC=C4F)CO,47
2-hydroxyatorvastatin,129734920,CC(C)C1=C(C(=C(N1CCC(CC(C(C(=O)O)O)O)O)C2=CC=C(C=C2)F)C3=CC=CC=C3)C(=O)NC4=CC=CC=C4,53
3-aminoisobutyrate,18998026,CC(CN)C(=O)[O-],17
3-hydroxycotinine,10219774,CN1C(CC(C1=O)O)C2=CN=CC=C2,33
3-hydroxycotinine glucuronide,183115,CN1C(CC(C1=O)OC2C(C(C(C(O2)C(=O)O)O)O)O)C3=CN=CC=C3,50
4-hydroxyatorvastatin,129849098,CC(C)C1=C(C(=C(N1CCC(C(C(CC(=O)O)O)O)O)C2=CC=C(C=C2)F)C3=CC=CC=C3)C(=O)NC4=CC=CC=C4,53
4-hydroxybupropion,75304411,CC(C(=O)C1=CC(=C(C=C1)O)Cl)NC(C)(C)C,33
4-hydroxycyclophosphamide,99735,C1COP(=O)(NC1O)N(CCCl)CCCl,30
4-hydroxytamoxifen,449459,CCC(=C(C1=CC=C(C=C1)O)C2=CC=C(C=C2)OCCN(C)C)C3=CC=CC=C3,39
7-carboxycannabidiol,146592489,CCCCCC1=CC(=C(C(=C1)O)C2C=C(CCC2C(=C)C)C(=O)O)O,45
7-hydroxycannabidiol,11301963,CCCCCC1=CC(=C(C(=C1)O)C2C=C(CCC2C(=C)C)CO)O,43
abacavir,441300,C1CC1NC2=C3C(=NC(=N2)N)N(C=N3)C4CC(C=C4)CO,45
abrocitinib,78323835,CCCS(=O)(=O)NC1CC(C1)N(C)C2=NC=NC3=C2C=CN3,43
acebutolol,1978,CCCC(=O)NC1=CC(=C(C=C1)OCC(CNC(C)C)O)C(=O)C,46
aceclofenac,71771,C1=CC=C(C(=C1)CC(=O)OCC(=O)O)NC2=C(C=CC=C2Cl)Cl,35
acenocoumarol,54676537,CC(=O)CC(C1=CC=C(C=C1)[N+](=O)[O-])C2=C(C3=CC=CC=C3OC2=O)O,46
acetylisoniazid,71602,CC(=O)NNC(=O)C1=CC=NC=C1,24
acyclovir,135398513,C1=NC2=C(N1COCCO)N=C(NC2=O)N,38
alectinib,49806720,CCC1=CC2=C(C=C1N3CCC(CC3)N4CCOCC4)C(C5=C(C2=O)C6=C(N5)C=C(C=C6)C#N)(C)C,64
allopurinol,135401907,C1=NNC2=C1C(=O)NC=N2,23
alpha-hydroxymetoprolol,114962,CC(C)NCC(COC1=CC=C(C=C1)C(COC)O)O,35
alprazolam,2118,CC1=NN=C2N1C3=C(C=C(C=C3)Cl)C(=NC2)C4=CC=CC=C4,40
amikacin,37768,C1C(C(C(C(C1NC(=O)C(CCN)O)OC2C(C(C(C(O2)CO)O)N)O)O)OC3C(C(C(C(O3)CN)O)O)O)N,54
aminosalicylic acid,4649,C1=CC(=C(C=C1N)O)C(=O)O,22
amiodarone,2157,CCCCC1=C(C2=CC=CC=C2O1)C(=O)C3=CC(=C(C(=C3)I)OCCN(CC)CC)I,52
amitriptyline,2160,CN(C)CCC=C1C2=CC=CC=C2CCC3=CC=CC=C31,29
amlodipine,2162,CCOC(=O)C1=C(NC(=C(C1C2=CC=CC=C2Cl)C(=O)OC)C)COCCN,47
amphetamine,3007,CC(CC1=CC=CC=C1)N,19
amphetamine sulfate,6055,CC(CC1=CC=CC=C1)N.CC(CC1=CC=CC=C1)N.OS(=O)(=O)O,24
amprenavir,65016,CC(C)CN(CC(C(CC1=CC=CC=C1)NC(=O)OC2CCOC2)O)S(=O)(=O)C3=CC=C(C=C3)N,62
anastrozole,2187,CC(C)(C#N)C1=CC(=CC(=C1)CN2C=NC=N2)C(C)(C)C#N,34
apatinib,45139106,CS(=O)(=O)O.C1CCC(C1)(C#N)C2=CC=C(C=C2)NC(=O)C3=C(N=CC=C3)NCC4=CC=NC=C4,55
apatinib metabolite m1-1,71664674,C1CC(CC1O)(C#N)C2=CC=C(C=C2)NC(=O)C3=C(N=CC=C3)NCC4=CC=NC=C4,57
apixaban,10182969,COC1=CC=C(C=C1)N2C3=C(CCN(C3=O)C4=CC=C(C=C4)N5CCCCC5=O)C(=N2)C(=O)N,49
apremilast,11561674,CCOC1=C(C=CC(=C1)C(CS(=O)(=O)C)N2C(=O)C3=C(C2=O)C(=CC=C3)NC(=O)C)OC,57
arformoterol tartrate,9827062,CC(CC1=CC=C(C=C1)OC)NCC(C2=CC(=C(C=C2)O)NC=O)O.C(C(C(=O)O)O)(C(=O)O)O,54
aripiprazole,60795,C1CC(=O)NC2=C1C=CC(=C2)OCCCCN3CCN(CC3)C4=C(C(=CC=C4)Cl)Cl,54
artemether,68911,CC1CCC2C(C(OC3C24C1CCC(O3)(OO4)C)OC)C,39
aspirin,2244,CC(=O)OC1=CC=CC=C1C(=O)O,24
atenolol,2249,CC(C)NCC(COC1=CC=C(C=C1)CC(=O)N)O,37
atomoxetine,54841,CC1=CC=CC=C1OC(CCNC)C2=CC=CC=C2,32
atorvastatin,60823,CC(C)C1=C(C(=C(N1CCC(CC(CC(=O)O)O)O)C2=CC=C(C=C2)F)C3=CC=CC=C3)C(=O)NC4=CC=CC=C4,51
atorvastatin lactone,6483036,CC(C)C1=C(C(=C(N1CCC2CC(CC(=O)O2)O)C3=CC=C(C=C3)F)C4=CC=CC=C4)C(=O)NC5=CC=CC=C5,59
atrasentan,159594,CCCCN(CCCC)C(=O)CN1CC(C(C1C2=CC=C(C=C2)OC)C(=O)O)C3=CC4=C(C=C3)OCO4,57
avatrombopag,9852519,C1CCC(CC1)N2CCN(CC2)C3=C(N=C(S3)NC(=O)C4=CC(=C(N=C4)N5CCC(CC5)C(=O)O)Cl)C6=CC(=CS6)Cl,66
axitinib,6450551,CNC(=O)C1=CC=CC=C1SC2=CC3=C(C=C2)C(=NN3)C=CC4=CC=CC=N4,52
azacitidine for,9444,C1=NC(=NC(=O)N1C2C(C(C(O2)CO)O)O)N,36
azathioprine,2265,CN1C=NC(=C1SC2=NC=NC3=C2NC=N3)[N+](=O)[O-],41
azathioprine sodium,11529527,CN1C=NC(=C1SC2=NC=NC3=C2N=C[N-]3)[N+](=O)[O-].[Na+],43
belinostat,6918638,C1=CC=C(C=C1)NS(=O)(=O)C2=CC=CC(=C2)C=CC(=O)NO,37
belzutifan,117947097,CS(=O)(=O)C1=C2C(C(C(C2=C(C=C1)OC3=CC(=CC(=C3)C#N)F)F)F)O,47
benzbromarone,2333,CCC1=C(C2=CC=CC=C2O1)C(=O)C3=CC(=C(C(=C3)Br)O)Br,38
berberine,2353,COC1=C(C2=C[N+]3=C(C=C2C=C1)C4=CC5=C(C=C4CC3)OCO5)OC,45
betaxolol,2369,CC(C)NCC(COC1=CC=C(C=C1)CCOCC2CC2)O,43
bilirubin,5280352,CC1=C(NC(=C1CCC(=O)O)CC2=C(C(=C(N2)C=C3C(=C(C(=O)N3)C)C=C)C)CCC(=O)O)C=C4C(=C(C(=O)N4)C=C)C,48
bisoprolol,2405,CC(C)NCC(COC1=CC=C(C=C1)COCCOC(C)C)O,40
brexpiprazole,11978813,C1CN(CCN1CCCCOC2=CC3=C(C=C2)C=CC(=O)N3)C4=C5C=CSC5=CC=C4,54
buprenorphine,644073,CC(C)(C)C(C)(C1CC23CCC1(C4C25CCN(C3CC6=C5C(=C(C=C6)O)O4)CC7CC7)OC)O,61
bupropion,444,CC(C(=O)C1=CC(=CC=C1)Cl)NC(C)(C)C,32
bupropion hydrochloride,62884,CC(C(=O)C1=CC(=CC=C1)Cl)NC(C)(C)C.Cl,33
cannabidiol,644019,CCCCCC1=CC(=C(C(=C1)O)C2C=C(CCC2C(=C)C)C)O,41
capecitabine,60953,CCCCCOC(=O)NC1=NC(=O)N(C=C1F)C2C(C(C(O2)C)O)O,53
captopril,44093,CC(CS)C(=O)N1CCCC1C(=O)O,31
carbamazepine,2554,C1=CC=C2C(=C1)C=CC3=CC=CC=C3N2C(=O)N,23
carisoprodol,2576,CCCC(C)(COC(=O)N)COC(=O)NC(C)C,30
carvedilol,2585,COC1=CC=CC=C1OCCNCC(COC2=CC=CC3=C2C4=CC=CC=C4N3)O,46
ceftriaxone,5479530,CN1C(=NC(=O)C(=O)N1)SCC2=C(N3C(C(C3=O)NC(=O)C(=NOC)C4=CSC(=N4)N)SC2)C(=O)O,72
celecoxib,2662,CC1=CC=C(C=C1)C2=CC(=NN2C3=CC=C(C=C3)S(=O)(=O)N)C(F)(F)F,39
chloramphenicol,5959,C1=CC(=CC=C1C(C(CO)NC(=O)C(Cl)Cl)O)[N+](=O)[O-],36
chloroquine,2719,CCN(CC)CCCC(C)NC1=C2C=CC(=CC2=NC=C1)Cl,42
chlorpropamide,2727,CCCNC(=O)NS(=O)(=O)C1=CC=C(C=C1)Cl,32
ciprofloxacin,2764,C1CC1N2C=C(C(=O)C3=CC(=C(C=C32)N4CCNCC4)F)C(=O)O,45
cisplatin,5702198,N.N.Cl[Pt]Cl,5
citalopram,2771,CN(C)CCCC1(C2=C(CO1)C=C(C=C2)C#N)C3=CC=C(C=C3)F,47
citalopram hydrobromide,77995,CN(C)CCCC1(C2=C(CO1)C=C(C=C2)C#N)C3=CC=C(C=C3)F.Br,48
clarithromycin,84029,CCC1C(C(C(C(=O)C(CC(C(C(C(C(C(=O)O1)C)OC2CC(C(C(O2)C)O)(C)OC)C)OC3C(C(CC(O3)C)N(C)C)O)(C)OC)C)C)O)(C)O,68
clobazam,2789,CN1C(=O)CC(=O)N(C2=C1C=CC(=C2)Cl)C3=CC=CC=C3,35
clomipramine,2801,CN(C)CCCN1C2=CC=CC=C2CCC3=C1C=C(C=C3)Cl,38
clonazepam,2802,C1C(=O)NC2=C(C=C(C=C2)[N+](=O)[O-])C(=N1)C3=CC=CC=C3Cl,43
clonidine,2803,C1CN=C(N1)NC2=C(C=CC=C2Cl)Cl,28
clopidogrel,60606,COC(=O)C(C1=CC=CC=C1Cl)N2CCC3=C(C2)C=CS3,43
clopidogrel bisulfate,115366,COC(=O)C(C1=CC=CC=C1Cl)N2CCC3=C(C2)C=CS3.OS(=O)(=O)O,47
clopidogrel thiol metabolite h4,71712269,COC(=O)C(C1=CC=CC=C1Cl)N2CCC(C(=CC(=O)O)C2)S,48
clozapine,135398737,CN1CCN(CC1)C2=NC3=C(C=CC(=C3)Cl)NC4=CC=CC=C42,40
codeine,5284371,CN1CCC23C4C1CC5=C2C(=C(C=C5)OC)OC3C(C=C4)O,47
codeine sulfate,21155870,CN1CCC23C4C1CC5=C2C(=C(C=C5)OC)OC3C(C=C4)O.CN1CCC23C4C1CC5=C2C(=C(C=C5)OC)OC3C(C=C4)O.O.O.O.OS(=O)(=O)O,52
conjugated estrogens,45357473,CC12CCC3C(C1CCC2=O)CCC4=C3C=CC(=C4)OS(=O)(=O)[O-].[Na+],42
coumarin,323,C1=CC=C2C(=C1)C=CC(=O)O2,19
cyclophosphamide,2907,C1CNP(=O)(OC1)N(CCCl)CCCl,26
cyclosporine,5284373,CCC1C(=O)N(CC(=O)N(C(C(=O)NC(C(=O)N(C(C(=O)NC(C(=O)NC(C(=O)N(C(C(=O)N(C(C(=O)N(C(C(=O)N(C(C(=O)N1)C(C(C)CC=CC)O)C)C(C)C)C)CC(C)C)C)CC(C)C)C)C)C)CC(C)C)C)C(C)C)CC(C)C)C)C,68
dabigatran,216210,CN1C2=C(C=C(C=C2)C(=O)N(CCC(=O)O)C3=CC=CC=N3)N=C1CNC4=CC=C(C=C4)C(=N)N,60
dabrafenib,44462760,CC(C)(C)C1=NC(=C(S1)C2=NC(=NC=C2)N)C3=C(C(=CC=C3)NS(=O)(=O)C4=C(C=CC=C4F)F)F,51
dapoxetine,71353,CN(C)C(CCOC1=CC=CC2=CC=CC=C21)C3=CC=CC=C3,34
dapsone,2955,C1=CC(=CC=C1N)S(=O)(=O)C2=CC=C(C=C2)N,16
daunorubicin,30323,CC1C(C(CC(O1)OC2CC(CC3=C2C(=C4C(=C3O)C(=O)C5=C(C4=O)C(=CC=C5)OC)O)(C(=O)C)O)N)O,65
debrisoquine,2966,C1CN(CC2=CC=CC=C21)C(=N)N,26
deferasirox,214348,C1=CC=C(C(=C1)C2=NN(C(=N2)C3=CC=CC=C3O)C4=CC=C(C=C4)C(=O)O)O,35
dehydroaripiprazole,10114519,C1CN(CCN1CCCCOC2=CC3=C(C=C2)C=CC(=O)N3)C4=C(C(=CC=C4)Cl)Cl,51
deoxy-thioguanosine triphosphate,146673693,C1C2=C3N(C(=N1)N4OP(=O)(O4)OC(=N2)N3C56C7(C(C8(O5)C9(OP(=O)(O8)O9)O)(OP(=O)(O7)O6)O)O)S,53
desbutyl lumefantrine,9934522,CCCCNCC(C1=CC(=CC2=C1C3=C(C2=CC4=CC=C(C=C4)Cl)C=C(C=C3)Cl)Cl)O,46
desethylchloroquine,95478,CCNCCCC(C)NC1=C2C=CC(=CC2=NC=C1)Cl,41
desflurane,42113,C(C(F)(F)F)(OC(F)F)F,14
desipramine,2995,CNCCCN1C2=CC=CC=C2CCC3=CC=CC=C31,29
desmethylsertraline,114743,C1CC(C2=CC=CC=C2C1C3=CC(=C(C=C3)Cl)Cl)N,30
desvenlafaxine,125017,CN(C)CC(C1=CC=C(C=C1)O)C2(CCCCC2)O,32
dextromethorphan,5360696,CN1CCC23CCCCC2C1CC4=C3C=C(C=C4)OC,42
dextropropoxyphene,10100,CCC(=O)OC(CC1=CC=CC=C1)(C2=CC=CC=C2)C(C)CN(C)C,40
diazepam,3016,CN1C(=O)CN=C(C2=C1C=CC(=C2)Cl)C3=CC=CC=C3,38
dihydroartemisinin,3000518,CC1CCC2C(C(OC3C24C1CCC(O3)(OO4)C)O)C,36
dipyrone,522325,CC1=C(C(=O)N(N1C)C2=CC=CC=C2)N(C)CS(=O)(=O)[O-].[Na+],39
disopyramide,3114,CC(C)N(CCC(C1=CC=CC=C1)(C2=CC=CC=N2)C(=O)N)C(C)C,41
docetaxel,148124,CC1=C2C(C(=O)C3(C(CC4C(C3C(C(C2(C)C)(CC1OC(=O)C(C(C5=CC=CC=C5)NC(=O)OC(C)(C)C)O)O)OC(=O)C6=CC=CC=C6)(CO4)OC(=O)C)O)C)O,85
dolutegravir,54726191,CC1CCOC2N1C(=O)C3=C(C(=O)C(=CN3C2)C(=O)NCC4=C(C=C(C=C4)F)F)O,59
doxepin,3158,CN(C)CCC=C1C2=CC=CC=C2COC3=CC=CC=C31,33
doxepin hydrochloride,6419921,CN(C)CCC=C1C2=CC=CC=C2COC3=CC=CC=C31.Cl,34
doxorubicin,31703,CC1C(C(CC(O1)OC2CC(CC3=C2C(=C4C(=C3O)C(=O)C5=C(C4=O)C(=CC=C5)OC)O)(C(=O)CO)O)N)O,67
doxorubicin hydrochloride,443939,CC1C(C(CC(O1)OC2CC(CC3=C2C(=C4C(=C3O)C(=O)C5=C(C4=O)C(=CC=C5)OC)O)(C(=O)CO)O)N)O.Cl,68
duloxetine,60835,CNCCC(C1=CC=CS1)OC2=CC=CC3=CC=CC=C32,37
duloxetine hydrochloride,60834,CNCCC(C1=CC=CS1)OC2=CC=CC3=CC=CC=C32.Cl,38
edoxaban,10280735,CN1CCC2=C(C1)SC(=N2)C(=O)NC3CC(CCC3NC(=O)C(=O)NC4=NC=C(C=C4)Cl)C(=O)N(C)C,68
efavirenz,64139,C1CC1C#CC2(C3=C(C=CC(=C3)Cl)NC(=O)O2)C(F)(F)F,42
eliglustat,23652731,CCCCCCCC(=O)NC(CN1CCCC1)C(C2=CC3=C(C=C2)OCCO3)O,50
endoxifen,10090750,CCC(=C(C1=CC=C(C=C1)O)C2=CC=C(C=C2)OCCNC)C3=CC=CC=C3,38
enflurane,3226,C(C(OC(F)F)(F)F)(F)Cl,16
erlotinib,176870,COCCOC1=C(C=C2C(=C1)C(=NC=N2)NC3=CC=CC(=C3)C#C)OCCOC,45
erythromycin,12560,CCC1C(C(C(C(=O)C(CC(C(C(C(C(C(=O)O1)C)OC2CC(C(C(O2)C)O)(C)OC)C)OC3C(C(CC(O3)C)N(C)C)O)(C)O)C)C)O)(C)O,70
escitalopram,146570,CN(C)CCCC1(C2=C(CO1)C=C(C=C2)C#N)C3=CC=C(C=C3)F,47
esomeprazole,9568614,CC1=CN=C(C(=C1OC)C)CS(=O)C2=NC3=C(N2)C=C(C=C3)OC,47
esomeprazole magnesium,9568613,CC1=CN=C(C(=C1OC)C)CS(=O)C2=NC3=C([N-]2)C=CC(=C3)OC.CC1=CN=C(C(=C1OC)C)CS(=O)C2=NC3=C([N-]2)C=CC(=C3)OC.[Mg+2],46
esomeprazole magnesium delayed release capsules,21121303,CC1=CN=C(C(=C1OC)C)CS(=O)C2=NC3=C([N-]2)C=CC(=C3)OC.CC1=CN=C(C(=C1OC)C)CS(=O)C2=NC3=C([N-]2)C=CC(=C3)OC.O.O.O.[Mg+2],47
estrone,5870,CC12CCC3C(C1CCC2=O)CCC4=C3C=CC(=C4)O,36
estrone sulfate,3001028,CC12CCC3C(C1CCC2=O)CCC4=C3C=CC(=C4)OS(=O)(=O)O,42
everolimus,6442177,CC1CCC2CC(C(=CC=CC=CC(CC(C(=O)C(C(C(=CC(C(=O)CC(OC(=O)C3CCCCN3C(=O)C(=O)C1(O2)O)C(C)CC4CCC(C(C4)OC)OCCO)C)C)O)OC)C)C)C)OC,98
extended phenytoin sodium,657302,C1=CC=C(C=C1)C2(C(=O)[N-]C(=O)N2)C3=CC=CC=C3.[Na+],25
famotidine,5702160,C1=C(N=C(S1)N=C(N)N)CSCCC(=NS(=O)(=O)N)N,40
felodipine,3333,CCOC(=O)C1=C(NC(=C(C1C2=C(C(=CC=C2)Cl)Cl)C(=O)OC)C)C,38
fenofibrate,3339,CC(C)OC(=O)C(C)(C)OC1=CC=C(C=C1)C(=O)C2=CC=C(C=C2)Cl,33
fentanyl,3345,CCC(=O)N(C1CCN(CC1)CCC2=CC=CC=C2)C3=CC=CC=C3,37
fesoterodine,6918558,CC(C)C(=O)OC1=C(C=C(C=C1)CO)C(CCN(C(C)C)C(C)C)C2=CC=CC=C2,44
flecainide,3356,C1CCNC(C1)CNC(=O)C2=C(C=CC(=C2)OCC(F)(F)F)OCC(F)(F)F,47
flucloxacillin,21319,CC1=C(C(=NO1)C2=C(C=CC=C2Cl)F)C(=O)NC3C4N(C3=O)C(C(S4)(C)C)C(=O)O,57
fluconazole,3365,C1=CC(=C(C=C1F)F)C(CN2C=NC=N2)(CN3C=NC=N3)O,34
flucytosine,3366,C1=NC(=O)NC(=C1F)N,22
fludarabine,657237,C1=NC2=C(N=C(N=C2N1C3C(C(C(O3)CO)O)O)F)N,41
fluindione,68942,C1=CC=C2C(=C1)C(=O)C(C2=O)C3=CC=C(C=C3)F,23
fluorouracil,3385,C1=C(C(=O)NC(=O)N1)F,19
fluoxetine,3386,CNCCC(C1=CC=CC=C1)OC2=CC=C(C=C2)C(F)(F)F,35
flupenthixol,53627486,C1CN(CCN1CCC=C2C3C=C(C=CC3SC4=CC=CC=C42)C(F)(F)F)CCO,52
flurbiprofen,3394,CC(C1=CC(=C(C=C1)C2=CC=CC=C2)F)C(=O)O,31
fluvastatin,1548972,CC(C)N1C2=CC=CC=C2C(=C1C=CC(CC(CC(=O)O)O)O)C3=CC=C(C=C3)F,48
fluvoxamine,5324346,COCCCCC(=NOCCN)C1=CC=C(C=C1)C(F)(F)F,40
folfiri,136170999,CCC1=C2CN3C(=CC4=C(C3=O)COC(=O)C4(CC)O)C2=NC5=C1C=C(C=C5)OC(=O)N6CCC(CC6)N7CCCCC7.C1C(N(C2=C(N1)N=C(NC2=O)N)C=O)CNC3=CC=C(C=C3)C(=O)NC(CCC(=O)O)C(=O)O.C1=C(C(=O)NC(=O)N1)F,129
fosphenytoin,56339,C1=CC=C(C=C1)C2(C(=O)N(C(=O)N2)COP(=O)(O)O)C3=CC=CC=C3,34
fulvestrant,104741,CC12CCC3C(C1CCC2O)C(CC4=C3C=CC(=C4)O)CCCCCCCCCS(=O)CCCC(C(F)(F)F)(F)F,58
furazolidone,5323714,C1COC(=O)N1N=CC2=CC=C(O2)[N+](=O)[O-],38
gabapentin,3446,C1CCC(CC1)(CC(=O)O)CN,20
galantamine hydrobromide,121587,CN1CCC23C=CC(CC2OC4=C(C=CC(=C34)C1)OC)O.Br,49
gefitinib,123631,COC1=C(C=C2C(=C1)N=CN=C2NC3=CC(=C(C=C3)F)Cl)OCCCN4CCOCC4,59
gentamicin,3467,CC(C1CCC(C(O1)OC2C(CC(C(C2O)OC3C(C(C(CO3)(C)O)NC)O)N)N)N)NC,50
gliclazide,3475,CC1=CC=C(C=C1)S(=O)(=O)NC(=O)NN2CC3CCCC3C2,36
glimepiride,3476,CCC1=C(CN(C1=O)C(=O)NCCC2=CC=C(C=C2)S(=O)(=O)NC(=O)NC3CCC(CC3)C)C,57
glipizide,3478,CC1=CN=C(C=N1)C(=O)NCCC2=CC=C(C=C2)S(=O)(=O)NC(=O)NC3CCCCC3,51
glucose,5793,C(C1C(C(C(C(O1)O)O)O)O)O,17
glyburide,3488,COC1=C(C=C(C=C1)Cl)C(=O)NCCC2=CC=C(C=C2)S(=O)(=O)NC(=O)NC3CCCCC3,58
granisetron,5284566,CN1C2CCCC1CC(C2)NC(=O)C3=NN(C4=CC=CC=C43)C,42
grazoprevir,44603531,CC(C)(C)C1C(=O)N2CC(CC2C(=O)NC3(CC3C=C)C(=O)NS(=O)(=O)C4CC4)OC5=NC6=C(C=CC(=C6)OC)N=C5CCCCCC7CC7OC(=O)N1,89
haloperidol,3559,C1CN(CCC1(C2=CC=C(C=C2)Cl)O)CCCC(=O)C3=CC=C(C=C3)F,42
halothane,3562,C(C(F)(F)F)(Cl)Br,11
hydralazine,3637,C1=CC=C2C(=C1)C=NN=C2NN,25
hydrocodone,5284569,CN1CCC23C4C1CC5=C2C(=C(C=C5)OC)OC3C(=O)CC4,47
hydromorphone,5284570,CN1CCC23C4C1CC5=C2C(=C(C=C5)O)OC3C(=O)CC4,46
hydroxyamitriptyline,155720,CN(C)CCC=C1C2=CC=CC=C2CC(C3=CC=CC=C31)O,36
hydroxybupropion,446,CC(C(=O)C1=CC(=CC=C1)Cl)NC(C)(C)CO,35
hydroxychloroquine,3652,CCN(CCCC(C)NC1=C2C=CC(=CC2=NC=C1)Cl)CCO,46
hydroxyphenytoin,17732,C1=CC=C(C=C1)C2(C(=O)NC(=O)N2)C3=CC=C(C=C3)O,28
hydroxyurea,3657,C(=O)(N)NO,10
ibogaine,197060,CCC1CC2CC3C1N(C2)CCC4=C3NC5=C4C=C(C=C5)OC,48
ibuprofen,3672,CC(C)CC1=CC=C(C=C1)C(C)C(=O)O,25
icotinib,22024915,C#CC1=CC(=CC=C1)NC2=NC=NC3=CC4=C(C=C32)OCCOCCOCCO4,45
iloperidone,71360,CC(=O)C1=CC(=C(C=C1)OCCCN2CCC(CC2)C3=NOC4=C3C=CC(=C4)F)OC,59
iloperidone metabolite p88,9823904,CC(C1=CC(=C(C=C1)OCCCN2CCC(CC2)C3=NOC4=C3C=CC(=C4)F)OC)O,61
imatinib,5291,CC1=C(C=C(C=C1)NC(=O)C2=CC=C(C=C2)CN3CCN(CC3)C)NC4=NC=CC(=N4)C5=CN=CC=C5,65
imipramine,3696,CN(C)CCCN1C2=CC=CC=C2CCC3=CC=CC=C31,29
indomethacin,3715,CC1=C(C2=C(N1C(=O)C3=CC=C(C=C3)Cl)C=CC(=C2)OC)CC(=O)O,45
irbesartan,3749,CCCCC1=NC2(CCCC2)C(=O)N1CC3=CC=C(C=C3)C4=CC=CC=C4C5=NNN=N5,52
irinotecan,60838,CCC1=C2CN3C(=CC4=C(C3=O)COC(=O)C4(CC)O)C2=NC5=C1C=C(C=C5)OC(=O)N6CCC(CC6)N7CCCCC7,74
isoflurane,3763,C(C(F)(F)F)(OC(F)F)Cl,16
isoniazid,3767,C1=CN=CC=C1C(=O)NN,21
ivacaftor,16220172,CC(C)(C)C1=CC(=C(C=C1NC(=O)C2=CNC3=CC=CC=C3C2=O)O)C(C)(C)C,45
kanamycin,6032,C1C(C(C(C(C1N)OC2C(C(C(C(O2)CN)O)O)O)O)OC3C(C(C(C(O3)CO)O)N)O)N,37
ketamine,3821,CNC1(CCCCC1=O)C2=CC=CC=C2Cl,31
ketoprofen,3825,CC(C1=CC(=CC=C1)C(=O)C2=CC=CC=C2)C(=O)O,28
ketorolac,3826,C1CN2C(=CC=C2C(=O)C3=CC=CC=C3)C1C(=O)O,32
labetalol,3869,CC(CCC1=CC=CC=C1)NCC(C2=CC(=C(C=C2)O)C(=O)N)O,44
lacosamide,219078,CC(=O)NC(COC)C(=O)NCC1=CC=CC=C1,34
lamivudine,60825,C1C(OC(S1)CO)N2C=CC(=NC2=O)N,39
lamotrigine,3878,C1=CC(=C(C(=C1)Cl)Cl)C2=C(N=C(N=N2)N)N,27
lansoprazole,3883,CC1=C(C=CN=C1CS(=O)C2=NC3=CC=CC=C3N2)OCC(F)(F)F,47
leflunomide,3899,CC1=C(C=NO1)C(=O)NC2=CC=C(C=C2)C(F)(F)F,36
letermovir,45138674,COC1=C(C=C(C=C1)C(F)(F)F)N2C(C3=C(C(=CC=C3)F)N=C2N4CCN(CC4)C5=CC(=CC=C5)OC)CC(=O)O,66
letrozole,3902,C1=CC(=CC=C1C#N)C(C2=CC=C(C=C2)C#N)N3C=NC=N3,27
leucovorin,135403648,C1C(N(C2=C(N1)N=C(NC2=O)N)C=O)CNC3=CC=C(C=C3)C(=O)NC(CCC(=O)O)C(=O)O,65
loratadine,3957,CCOC(=O)N1CCC(=C2C3=C(CCC4=C2N=CC=C4)C=C(C=C3)Cl)CC1,48
lorlatinib,71731823,CC1C2=C(C=CC(=C2)F)C(=O)N(CC3=NN(C(=C3C4=CC(=C(N=C4)N)O1)C#N)C)C,62
lornoxicam,54690031,CN1C(=C(C2=C(S1(=O)=O)C=C(S2)Cl)O)C(=O)NC3=CC=CC=N3,48
losartan,3961,CCCCC1=NC(=C(N1CC2=CC=C(C=C2)C3=CC=CC=C3C4=NNN=N4)CO)Cl,48
lovastatin,53232,CCC(C)C(=O)OC1CC(C=C2C1C(C(C=C2)C)CCC3CC(CC(=O)O3)O)C,58
lovastatin acid,64727,CCC(C)C(=O)OC1CC(C=C2C1C(C(C=C2)C)CCC(CC(CC(=O)O)O)O)C,56
lumefantrine,6437380,CCCCN(CCCC)CC(C1=CC(=CC2=C1C3=C(C2=CC4=CC=C(C=C4)Cl)C=C(C=C3)Cl)Cl)O,46
lumiracoxib,151166,CC1=CC(=C(C=C1)NC2=C(C=CC=C2Cl)F)CC(=O)O,38
lurasidone hydrochloride,11237860,C1CCC(C(C1)CN2CCN(CC2)C3=NSC4=CC=CC=C43)CN5C(=O)C6C7CCC(C7)C6C5=O.Cl,50
lurbinectedin,57327016,CC1=CC2=C(C3C4C5C6=C(C(=C7C(=C6C(N4C(C(C2)N3C)O)COC(=O)C8(CS5)C9=C(CCN8)C2=C(N9)C=CC(=C2)OC)OCO7)C)OC(=O)C)C(=C1OC)O,89
mafenide,3998,C1=CC(=CC=C1CN)S(=O)(=O)N,20
maprotiline,4011,CNCCCC12CCC(C3=CC=CC=C31)C4=CC=CC=C24,33
maraviroc,3002977,CC1=NN=C(N1C2CC3CCC(C2)N3CCC(C4=CC=CC=C4)NC(=O)C5CCC(CC5)(F)F)C(C)C,58
mavacamten,117761397,CC(C)N1C(=O)C=C(NC1=O)NC(C)C2=CC=CC=C2,34
meloxicam,54677470,CC1=CN=C(S1)NC(=O)C2=C(C3=CC=CC=C3S(=O)(=O)N2C)O,43
meperidine,4058,CCOC(=O)C1(CCN(CC1)C)C2=CC=CC=C2,32
mephenytoin,4060,CCC1(C(=O)N(C(=O)N1)C)C2=CC=CC=C2,28
mercaptopurine,667490,C1=NC2=C(N1)C(=S)N=CN2,19
mesalazine,4075,C1=CC(=C(C=C1N)C(=O)O)O,22
metaxalone,15459,CC1=CC(=CC(=C1)OCC2CNC(=O)O2)C,33
methamphetamine,10836,CC(CC1=CC=CC=C1)NC,21
methotrexate,126941,CN(CC1=CN=C2C(=N1)C(=NC(=N2)N)N)C3=CC=C(C=C3)C(=O)NC(CCC(=O)O)C(=O)O,57
methoxyflurane,4116,COC(C(Cl)Cl)(F)F,15
methylene blue,6099,CN(C)C1=CC2=C(C=C1)N=C3C=CC(=[N+](C)C)C=C3S2.[Cl-],36
methylphenidate,4158,COC(=O)C(C1CCCCN1)C2=CC=CC=C2,36
metoprolol succinate,62937,CC(C)NCC(COC1=CC=C(C=C1)CCOC)O.CC(C)NCC(COC1=CC=C(C=C1)CCOC)O.C(CC(=O)O)C(=O)O,43
metoprolol succinate er,62937,CC(C)NCC(COC1=CC=C(C=C1)CCOC)O.CC(C)NCC(COC1=CC=C(C=C1)CCOC)O.C(CC(=O)O)C(=O)O,43
metoprolol succinate er tablets,62937,CC(C)NCC(COC1=CC=C(C=C1)CCOC)O.CC(C)NCC(COC1=CC=C(C=C1)CCOC)O.C(CC(=O)O)C(=O)O,43
metoprolol tartrate,441308,CC(C)NCC(COC1=CC=C(C=C1)CCOC)O.CC(C)NCC(COC1=CC=C(C=C1)CCOC)O.C(C(C(=O)O)O)(C(=O)O)O,43
mexiletine,4178,CC1=C(C(=CC=C1)C)OCC(C)N,24
mianserin,4184,CN1CCN2C(C1)C3=CC=CC=C3CC4=CC=CC=C42,32
milsaperidone,10365268,CC(C1=CC(=C(C=C1)OCCCN2CCC(CC2)C3=NOC4=C3C=CC(=C4)F)OC)O,61
mirabegron,9865528,C1=CC=C(C=C1)C(CNCCC2=CC=C(C=C2)NC(=O)CC3=CSC(=N3)N)O,50
moclobemide,4235,C1COCCN1CCNC(=O)C2=CC=C(C=C2)Cl,34
modafinil,4236,C1=CC=C(C=C1)C(C2=CC=CC=C2)S(=O)CC(=O)N,26
morphine,5288826,CN1CCC23C4C1CC5=C2C(=C(C=C5)O)OC3C(C=C4)O,45
moxifloxacin,152946,COC1=C2C(=CC(=C1N3CC4CCCNC4C3)F)C(=O)C(=CN2C5CC5)C(=O)O,59
mycophenolic acid,446541,CC1=C2COC(=O)C2=C(C(=C1OC)CC=C(C)CCC(=O)O)O,45
n,947,N#N,2
n-desmethylclozapine,135409468,C1CN(CCN1)C2=NC3=C(C=CC(=C3)Cl)NC4=CC=CC=C42,39
n-desmethyltamoxifen,6378383,CCC(=C(C1=CC=CC=C1)C2=CC=C(C=C2)OCCNC)C3=CC=CC=C3,34
n-desmethyltramadol,12149038,CNCC1CCCCC1(C2=CC(=CC=C2)OC)O,39
nabumetone,4409,CC(=O)CCC1=CC2=C(C=C1)C=C(C=C2)OC,29
naldemedine,54732242,CC(C)(C1=NC(=NO1)C2=CC=CC=C2)NC(=O)C3=C(C4C56CCN(C(C5(C3)O)CC7=C6C(=C(C=C7)O)O4)CC8CC8)O,70
nalidixic acid,4421,CCN1C=C(C(=O)C2=C1N=C(C=C2)C)C(=O)O,35
naproxen,156391,CC(C1=CC2=C(C=C1)C=C(C=C2)OC)C(=O)O,29
nateglinide,5311309,CC(C)C1CCC(CC1)C(=O)NC(CC2=CC=CC=C2)C(=O)O,37
neomycin,8378,C1C(C(C(C(C1N)OC2C(C(C(C(O2)CN)O)O)N)OC3C(C(C(O3)CO)OC4C(C(C(C(O4)CN)O)O)N)O)O)N,38
nicorandil,47528,C1=CC(=CN=C1)C(=O)NCCO[N+](=O)[O-],35
nicotine,89594,CN1CCCC1C2=CN=CC=C2,29
nifedipine,4485,CC1=C(C(C(=C(N1)C)C(=O)OC)C2=CC=CC=C2[N+](=O)[O-])C(=O)OC,37
nilotinib,644241,CC1=C(C=C(C=C1)C(=O)NC2=CC(=CC(=C2)C(F)(F)F)N3C=C(N=C3)C)NC4=NC=CC(=N4)C5=CN=CC=C5,69
nitisinone,115355,C1CC(=O)C(C(=O)C1)C(=O)C2=C(C=C(C=C2)C(F)(F)F)[N+](=O)[O-],39
nitrofurantoin,6604200,C1C(=O)NC(=O)N1N=CC2=CC=C(O2)[N+](=O)[O-],38
nitrofurazone,5447130,C1=C(OC(=C1)[N+](=O)[O-])C=NNC(=O)N,34
norclobazam,89657,C1C(=O)NC2=C(C=C(C=C2)Cl)N(C1=O)C3=CC=CC=C3,36
norfloxacin,4539,CCN1C=C(C(=O)C2=CC(=C(C=C21)N3CCNCC3)F)C(=O)O,45
noroxycodone,5489120,COC1=C2C3=C(CC4C5(C3(CCN4)C(O2)C(=O)CC5)O)C=C1,48
noroxymorphone,5497189,C1CC2(C3CC4=C5C2(CCN3)C(C1=O)OC5=C(C=C4)O)O,43
noscapine,275196,CN1CCC2=CC3=C(C(=C2C1C4C5=C(C(=C(C=C5)OC)OC)C(=O)O4)OC)OCO3,55
o-desmethyltramadol,9838803,CN(C)CC1CCCCC1(C2=CC(=CC=C2)O)O,37
odevixibat,10153627,CCCCC1(CN(C2=CC(=C(C=C2S(=O)(=O)N1)OCC(=O)NC(C3=CC=C(C=C3)O)C(=O)NC(CC)C(=O)O)SC)C4=CC=CC=C4)CCCC,74
ofloxacin,4583,CC1COC2=C3N1C=C(C(=O)C3=CC(=C2N4CCN(CC4)C)F)C(=O)O,49
olanzapine,135398745,CC1=CC2=C(S1)NC3=CC=CC=C3N=C2N4CCN(CC4)C,41
olmesartan,158781,CCCC1=NC(=C(N1CC2=CC=C(C=C2)C3=CC=CC=C3C4=NNN=N4)C(=O)O)C(C)(C)O,54
omeprazole,4594,CC1=CN=C(C(=C1OC)C)CS(=O)C2=NC3=C(N2)C=C(C=C3)OC,47
opipramol,9417,C1CN(CCN1CCCN2C3=CC=CC=C3C=CC4=CC=CC=C42)CCO,32
oxycodone,5284603,CN1CCC23C4C(=O)CCC2(C1CC5=C3C(=C(C=C5)OC)O4)O,49
oxymorphone,5284604,CN1CCC23C4C(=O)CCC2(C1CC5=C3C(=C(C=C5)O)O4)O,46
paclitaxel,36314,CC1=C2C(C(=O)C3(C(CC4C(C3C(C(C2(C)C)(CC1OC(=O)C(C(C5=CC=CC=C5)NC(=O)C6=CC=CC=C6)O)O)OC(=O)C7=CC=CC=C7)(CO4)OC(=O)C)O)C)OC(=O)C,83
paliperidone,115237,CC1=C(C(=O)N2CCCC(C2=N1)O)CCN3CCC(CC3)C4=NOC5=C4C=CC(=C5)F,62
pazopanib,10113978,CC1=C(C=C(C=C1)NC2=NC=CC(=N2)N(C)C3=CC4=NN(C(=C4C=C3)C)C)S(=O)(=O)N,56
pazopanib hydrochloride,11525740,CC1=C(C=C(C=C1)NC2=NC=CC(=N2)N(C)C3=CC4=NN(C(=C4C=C3)C)C)S(=O)(=O)N.Cl,57
pentoxifylline,4740,CC(=O)CCCCN1C(=O)C2=C(N=CN2C)N(C1=O)C,35
perampanel,9924495,C1=CC=C(C=C1)N2C=C(C=C(C2=O)C3=CC=CC=C3C#N)C4=CC=CC=N4,43
perphenazine,4748,C1CN(CCN1CCCN2C3=CC=CC=C3SC4=C2C=C(C=C4)Cl)CCO,41
phenazopyridine,4756,C1=CC=C(C=C1)N=NC2=C(N=C(C=C2)N)N,25
phenprocoumon,54680692,CCC(C1=CC=CC=C1)C2=C(C3=CC=CC=C3OC2=O)O,34
phenytoin,1775,C1=CC=C(C=C1)C2(C(=O)NC(=O)N2)C3=CC=CC=C3,22
pilocarpine,5910,CCC1C(COC1=O)CC2=CN=CN2C,36
pimozide,16362,C1CN(CCC1N2C3=CC=CC=C3NC2=O)CCCC(C4=CC=C(C=C4)F)C5=CC=C(C=C5)F,48
pioglitazone,4829,CCC1=CN=C(C=C1)CCOC2=CC=C(C=C2)CC3C(=O)NC(=O)S3,43
piroxicam,54676228,CN1C(=C(C2=CC=CC=C2S1(=O)=O)O)C(=O)NC3=CC=CC=N3,40
pitavastatin,5282452,C1CC1C2=NC3=CC=CC=C3C(=C2C=CC(CC(CC(=O)O)O)O)C4=CC=C(C=C4)F,55
pitavastatin lactone,9801294,C1CC1C2=NC3=CC=CC=C3C(=C2C=CC4CC(CC(=O)O4)O)C5=CC=C(C=C5)F,54
pomalidomide,134780,C1CC(=O)NC(=O)C1N2C(=O)C3=C(C2=O)C(=CC=C3)N,37
pramipexole dihydrochloride,119569,CCCNC1CCC2=C(C1)SC(=N2)N.Cl.Cl,35
prasugrel,6918456,CC(=O)OC1=CC2=C(S1)CCN(C2)C(C3=CC=CC=C3F)C(=O)C4CC4,54
pravastatin,54687,CCC(C)C(=O)OC1CC(C=C2C1C(C(C=C2)C)CCC(CC(CC(=O)O)O)O)O,57
praziquantel,4891,C1CCC(CC1)C(=O)N2CC3C4=CC=CC=C4CCN3C(=O)C2,42
pregabalin,5486971,CC(C)CC(CC(=O)O)CN,22
pridopidine,9795739,CCCN1CCC(CC1)C2=CC(=CC=C2)S(=O)(=O)C,36
primaquine,4908,CC(CCCN)NC1=C2C(=CC(=C1)OC)C=CC=N2,43
primaquine phosphate,6135,CC(CCCN)NC1=C2C(=CC(=C1)OC)C=CC=N2.OP(=O)(O)O.OP(=O)(O)O,49
primidone,4909,CCC1(C(=O)NCNC1=O)C2=CC=CC=C2,27
probenecid,4911,CCCN(CCC)S(=O)(=O)C1=CC=C(C=C1)C(=O)O,28
proguanil,6178111,CC(C)N=C(N)N=C(N)NC1=CC=C(C=C1)Cl,30
propafenone,4932,CCCNCC(COC1=CC=CC=C1C(=O)CCC2=CC=CC=C2)O,45
propofol,4943,CC(C)C1=C(C(=CC=C1)C(C)C)O,17
propranolol,4946,CC(C)NCC(COC1=CC=CC2=CC=CC=C21)O,34
propranolol hydrochloride,62882,CC(C)NCC(COC1=CC=CC2=CC=CC=C21)O.Cl,35
purixan,667490,C1=NC2=C(N1)C(=S)N=CN2,19
quetiapine,5002,C1CN(CCN1CCOCCO)C2=NC3=CC=CC=C3SC4=CC=CC=C42,43
quinacrine,237,CCN(CC)CCCC(C)NC1=C2C=C(C=CC2=NC3=C1C=CC(=C3)Cl)OC,50
quinidine,441074,COC1=CC2=C(C=CN=C2C=C1)C(C3CC4CCN3CC4C=C)O,50
quinine,3034034,COC1=CC2=C(C=CN=C2C=C1)C(C3CC4CCN3CC4C=C)O,50
rabeprazole,5029,CC1=C(C=CN=C1CS(=O)C2=NC3=CC=CC=C3N2)OCCCOC,49
rabeprazole sodium,14720269,CC1=C(C=CN=C1CS(=O)C2=NC3=CC=CC=C3[N-]2)OCCCOC.[Na+],49
raloxifene 6-glucuronide,10100752,C1CCN(CC1)CCOC2=CC=C(C=C2)C(=O)C3=C(SC4=C3C=CC(=C4)OC5C(C(C(C(O5)C(=O)O)O)O)O)C6=CC=C(C=C6)O,65
ramelteon,208902,CCC(=O)NCCC1CCC2=C1C3=C(C=C2)OCC3,43
ramipril,5362129,CCOC(=O)C(CCC1=CC=CC=C1)NC(C)C(=O)N2C3CCCC3CC2C(=O)O,52
ranolazine,56959,CC1=C(C(=CC=C1)C)NC(=O)CN2CCN(CC2)CC(COC3=CC=CC=C3OC)O,46
repaglinide,65981,CCOC1=C(C=CC(=C1)CC(=O)NC(CC(C)C)C2=CC=CC=C2N3CCCCC3)C(=O)O,53
ribavirin,37542,C1=NC(=NN1C2C(C(C(O2)CO)O)O)C(=O)N,34
rifampin,135398735,CC1C=CC=C(C(=O)NC2=C(C(=C3C(=C2O)C(=C(C4=C3C(=O)C(O4)(OC=CC(C(C(C(C(C(C1O)C)O)C)OC(=O)C)C)OC)C)C)O)O)C=NN5CCN(CC5)C)C,86
risperidone,5073,CC1=C(C(=O)N2CCCCC2=N1)CCN3CCC(CC3)C4=NOC5=C4C=CC(=C5)F,61
ritonavir,392622,CC(C)C1=NC(=CS1)CN(C)C(=O)NC(C(C)C)C(=O)NC(CC2=CC=CC=C2)CC(C(CC3=CC=CC=C3)NC(=O)OCC4=CN=CS4)O,73
rivaroxaban,9875401,C1COCC(=O)N1C2=CC=C(C=C2)N3CC(OC3=O)CNC(=O)C4=CC=C(S4)Cl,52
rivastigmine tartrate,6918078,CCN(C)C(=O)OC1=CC=CC(=C1)C(C)N(C)C.C(C(C(=O)O)O)(C(=O)O)O,41
rocuronium,441290,CC(=O)OC1C(CC2C1(CCC3C2CCC4C3(CC(C(C4)O)N5CCOCC5)C)C)[N+]6(CCCC6)CC=C,64
rosiglitazone,77999,CN(CCOC1=CC=C(C=C1)CC2C(=O)NC(=O)S2)C3=CC=CC=N3,48
rosuvastatin,446157,CC(C)C1=NC(=NC(=C1C=CC(CC(CC(=O)O)O)O)C2=CC=C(C=C2)F)N(C)S(=O)(=O)C,56
rosuvastatin calcium,5282455,CC(C)C1=NC(=NC(=C1C=CC(CC(CC(=O)[O-])O)O)C2=CC=C(C=C2)F)N(C)S(=O)(=O)C.CC(C)C1=NC(=NC(=C1C=CC(CC(CC(=O)[O-])O)O)C2=CC=C(C=C2)F)N(C)S(=O)(=O)C.[Ca+2],58
s-methadone,643985,CCC(=O)C(CC(C)N(C)C)(C1=CC=CC=C1)C2=CC=CC=C2,31
salmeterol,5152,C1=CC=C(C=C1)CCCCOCCCCCCNCC(C2=CC(=C(C=C2)O)CO)O,45
sertraline,68617,CNC1CCC(C2=CC=CC=C12)C3=CC(=C(C=C3)Cl)Cl,34
sevoflurane,5206,C(OC(C(F)(F)F)C(F)(F)F)F,15
sildenafil,135398744,CCCC1=NN(C2=C1N=C(NC2=O)C3=C(C=CC(=C3)S(=O)(=O)N4CCN(CC4)C)OCC)C,55
sildenafil citrate,135413523,CCCC1=NN(C2=C1N=C(NC2=O)C3=C(C=CC(=C3)S(=O)(=O)N4CCN(CC4)C)OCC)C.C(C(=O)O)C(CC(=O)O)(C(=O)O)O,68
silodosin,5312125,CC(CC1=CC2=C(C(=C1)C(=O)N)N(CC2)CCCO)NCCOC3=CC=CC=C3OCC(F)(F)F,65
simvastatin,54454,CCC(C)(C)C(=O)OC1CC(C=C2C1C(C(C=C2)C)CCC3CC(CC(=O)O3)O)C,56
simvastatin acid,64718,CCC(C)(C)C(=O)OC1CC(C=C2C1C(C(C=C2)C)CCC(CC(CC(=O)O)O)O)C,54
siponimod,44599207,CCC1=C(C=CC(=C1)C(=NOCC2=CC(=C(C=C2)C3CCCCC3)C(F)(F)F)C)CN4CC(C4)C(=O)O,62
sirolimus,5284616,CC1CCC2CC(C(=CC=CC=CC(CC(C(=O)C(C(C(=CC(C(=O)CC(OC(=O)C3CCCCN3C(=O)C(=O)C1(O2)O)C(C)CC4CCC(C(C4)OC)O)C)C)O)OC)C)C)C)OC,92
sitagliptin,4369359,C1CN2C(=NN=C2C(F)(F)F)CN1C(=O)CC(CC3=CC(=C(C=C3F)F)F)N,50
sn-38,104842,CCC1=C2CN3C(=CC4=C(C3=O)COC(=O)C4(CC)O)C2=NC5=C1C=C(C=C5)O,54
sodium nitrate,24268,[N+](=O)([O-])[O-].[Na+],7
solanidine,65727,CC1CCC2C(C3C(N2C1)CC4C3(CCC5C4CC=C6C5(CCC(C6)O)C)C)C,50
sotalol,5253,CC(C)NCC(C1=CC=C(C=C1)NS(=O)(=O)C)O,32
stavudine,18283,CC1=CN(C(=O)NC1=O)C2C=CC(O2)CO,35
streptomycin,19649,CC1C(C(C(O1)OC2C(C(C(C(C2O)O)N=C(N)N)O)N=C(N)N)OC3C(C(C(C(O3)CO)O)O)NC)(C=O)O,55
succinylcholine,5314,C[N+](C)(C)CCOC(=O)CCC(=O)OCC[N+](C)(C)C,19
succinylcholine chloride,22475,C[N+](C)(C)CCOC(=O)CCC(=O)OCC[N+](C)(C)C.[Cl-].[Cl-],20
sufentanil,41693,CCC(=O)N(C1=CC=CC=C1)C2(CCN(CC2)CCC3=CC=CS3)COC,50
sulfacetamide,5320,CC(=O)NS(=O)(=O)C1=CC=C(C=C1)N,25
sulfadiazine,5215,C1=CN=C(N=C1)NS(=O)(=O)C2=CC=C(C=C2)N,27
sulfamethazine,5327,CC1=CC(=NC(=N1)NS(=O)(=O)C2=CC=C(C=C2)N)C,29
sulfamethoxazole,5329,CC1=CC(=NO1)NS(=O)(=O)C2=CC=C(C=C2)N,31
sulfanilamide,5333,C1=CC(=CC=C1N)S(=O)(=O)N,17
sulfapyridine,5336,C1=CC=NC(=C1)NS(=O)(=O)C2=CC=C(C=C2)N,30
sulfasalazine,5339,C1=CC=NC(=C1)NS(=O)(=O)C2=CC=C(C=C2)N=NC3=CC(=C(C=C3)O)C(=O)O,45
sulfisoxazole,5344,CC1=C(ON=C1C)NS(=O)(=O)C2=CC=C(C=C2)N,32
sunitinib,5329102,CCN(CC)CCNC(=O)C1=C(NC(=C1C)C=C2C3=C(C=CC(=C3)F)NC2=O)C,54
tacrolimus,445643,CC1CC(C2C(CC(C(O2)(C(=O)C(=O)N3CCCCC3C(=O)OC(C(C(CC(=O)C(C=C(C1)C)CC=C)O)C)C(=CC4CCC(C(C4)OC)O)C)O)C)OC)OC,78
tadalafil,110635,CN1CC(=O)N2C(C1=O)CC3=C(C2C4=CC5=C(C=C4)OCO5)NC6=CC=CC=C36,52
tafenoquine,115358,CC1=CC(=NC2=C1C(=C(C=C2NC(C)CCCN)OC)OC3=CC=CC(=C3)C(F)(F)F)OC,60
tamoxifen,2733526,CCC(=C(C1=CC=CC=C1)C2=CC=C(C=C2)OCCN(C)C)C3=CC=CC=C3,35
tamoxifen citrate,2733525,CCC(=C(C1=CC=CC=C1)C2=CC=C(C=C2)OCCN(C)C)C3=CC=CC=C3.C(C(=O)O)C(CC(=O)O)(C(=O)O)O,47
tamsulosin,129211,CCOC1=CC=CC=C1OCCNC(C)CC2=CC(=C(C=C2)OC)S(=O)(=O)N,47
tamsulosin hydrochloride,5362376,CCOC1=CC=CC=C1OCCNC(C)CC2=CC(=C(C=C2)OC)S(=O)(=O)N.Cl,48
tegafur,5386,C1CC(OC1)N2C=C(C(=O)NC2=O)F,31
telaprevir,3010818,CCCC(C(=O)C(=O)NC1CC1)NC(=O)C2C3CCCC3CN2C(=O)C(C(C)(C)C)NC(=O)C(C4CCCCC4)NC(=O)C5=NC=CN=C5,73
temsirolimus,6918289,CC1CCC2CC(C(=CC=CC=CC(CC(C(=O)C(C(C(=CC(C(=O)CC(OC(=O)C3CCCCN3C(=O)C(=O)C1(O2)O)C(C)CC4CCC(C(C4)OC)OC(=O)C(C)(CO)CO)C)C)O)OC)C)C)C)OC,100
teneligliptin,11949652,CC1=NN(C(=C1)N2CCN(CC2)C3CC(NC3)C(=O)N4CCSC4)C5=CC=CC=C5,57
tenofovir,464205,CC(CN1C=NC2=C(N=CN=C21)N)OCP(=O)(O)O,42
tenofovir alafenamide,9574768,CC(C)OC(=O)C(C)NP(=O)(COC(C)CN1C=NC2=C(N=CN=C21)N)OC3=CC=CC=C3,60
tenoxicam,54677971,CN1C(=C(C2=C(S1(=O)=O)C=CS2)O)C(=O)NC3=CC=CC=N3,45
thalidomide,5426,C1CC(=O)NC(=O)C1N2C(=O)C3=CC=CC=C3C2=O,29
theophylline,2153,CN1C2=C(C(=O)N(C1=O)C)NC=N2,26
thioguanine,2723601,C1=NC2=C(N1)C(=S)N=C(N2)N,26
thioguanosine monophosphate,137219742,C1=NC2=C(N1C3C(C(C(O3)COP(=O)(O)O)O)S)N=C(NC2=O)N,53
thioguanosine triphosphate,136408906,C1=NC2=C(N1C3C(C(C(O3)COP(=O)(O)OP(=O)(O)OP(=O)(O)O)O)S)N=C(NC2=O)N,58
thiopurine,3015569,C1=NC(=S)NC2=C1NC=N2,22
thioridazine,5452,CN1CCCCC1CCN2C3=CC=CC=C3SC4=C2C=C(C=C4)SC,46
ticagrelor,9871419,CCCSC1=NC(=C2C(=N1)N(N=N2)C3CC(C(C3O)O)OCCO)NC4CC4C5=CC(=C(C=C5)F)F,66
tobramycin,36294,C1C(C(C(C(C1N)OC2C(C(C(C(O2)CO)O)N)O)O)OC3C(CC(C(O3)CN)O)N)N,38
tolazamide,5503,CC1=CC=C(C=C1)S(=O)(=O)NC(=O)NN2CCCCCC2,32
tolbutamide,5505,CCCCNC(=O)NS(=O)(=O)C1=CC=C(C=C1)C,33
toluidine blue,76675,CC1=CC(=C(C=C1)NC2=C3C(=C(C=C2)O)C(=O)C4=C(C=CC(=C4C3=O)O)NC5=C(C=C(C=C5)C)S(=O)(=O)[O-])S(=O)(=O)[O-].[Na+].[Na+],37
topiramate,5284627,CC1(OC2COC3(C(C2O1)OC(O3)(C)C)COS(=O)(=O)N)C,39
topotecan,60700,CCC1(C2=C(COC1=O)C(=O)N3CC4=CC5=C(C=CC(=C5CN(C)C)O)N=C4C3=C2)O,61
tramadol,33741,CN(C)CC1CCCCC1(C2=CC(=CC=C2)OC)O,38
tramadol hydrochloride,63013,CN(C)CC1CCCCC1(C2=CC(=CC=C2)OC)O.Cl,39
trametinib,11707110,CC1=C2C(=C(N(C1=O)C)NC3=C(C=C(C=C3)I)F)C(=O)N(C(=O)N2C4=CC=CC(=C4)NC(=O)C)C5CC5,63
trimipramine,5584,CC(CN1C2=CC=CC=C2CCC3=CC=CC=C31)CN(C)C,31
tropisetron,656665,CN1C2CCC1CC(C2)OC(=O)C3=CNC4=CC=CC=C43,40
uracil,1174,C1=CNC(=O)NC1=O,17
valproic acid,3121,CCCC(CCC)C(=O)O,16
varenicline,5310966,C1C2CNCC1C3=CC4=NC=CN=C4C=C23,24
venetoclax,49846579,CC1(CCC(=C(C1)C2=CC=C(C=C2)Cl)CN3CCN(CC3)C4=CC(=C(C=C4)C(=O)NS(=O)(=O)C5=CC(=C(C=C5)NCC6CCOCC6)[N+](=O)[O-])OC7=CN=C8C(=C7)C=CN8)C,98
venlafaxine,5656,CN(C)CC(C1=CC=C(C=C1)OC)C2(CCCCC2)O,35
verapamil hydrochloride,62969,CC(C)C(CCCN(C)CCC1=CC(=C(C=C1)OC)OC)(C#N)C2=CC(=C(C=C2)OC)OC.Cl,47
vitamin c,54670067,C(C(C1C(=C(C(=O)O1)O)O)O)O,24
voriconazole,71616,CC(C1=NC=NC=C1F)C(CN2C=NC=N2)(C3=C(C=C(C=C3)F)F)O,48
vortioxetine,9966051,CC1=CC(=C(C=C1)SC2=CC=CC=C2N3CCNCC3)C,35
warfarin,54678486,CC(=O)CC(C1=CC=CC=C1)C2=C(C3=CC=CC=C3OC2=O)O,37
warfarin sodium,16204922,CC(=O)CC(C1=CC=CC=C1)C2=C(C3=CC=CC=C3OC2=O)[O-].[Na+],40
zafirlukast,5717,CC1=CC=CC=C1S(=O)(=O)NC(=O)C2=CC(=C(C=C2)CC3=CN(C4=C3C=C(C=C4)NC(=O)OC5CCCC5)C)OC,68
ziprasidone,60854,C1CN(CCN1CCC2=C(C=C3C(=C2)CC(=O)N3)Cl)C4=NSC5=CC=CC=C54,53
zuclopenthixol,5311507,C1CN(CCN1CCC=C2C3=CC=CC=C3SC4=C2C=C(C=C4)Cl)CCO,42
atazanavir,148192,CC(C)(C)C(C(=O)NC(CC1=CC=CC=C1)C(CN(CC2=CC=C(C=C2)C3=CC=CC=N3)NC(=O)C(C(C)(C)C)NC(=O)OC)O)NC(=O)OC,62
atomoxetine hydrochloride,54840,CC1=CC=CC=C1OC(CCNC)C2=CC=CC=C2.Cl,33
dexamethasone,5743,CC1CC2C3CCC4=CC(=O)C=CC4(C3(C(CC2(C1(C(=O)CO)O)C)O)F)C,54
dexlansoprazole,9578005,CC1=C(C=CN=C1CS(=O)C2=NC3=CC=CC=C3N2)OCC(F)(F)F,47
dexmedetomidine,5311068,CC1=C(C(=CC=C1)C(C)C2=CN=CN2)C,30
diclofenac,3033,C1=CC=C(C(=C1)CC(=O)O)NC2=C(C=CC=C2Cl)Cl,28
dimercaprol,3080,C(C(CS)S)O,13
esomeprazole sodium,23674541,CC1=CN=C(C(=C1OC)C)CS(=O)C2=NC3=C([N-]2)C=CC(=C3)OC.[Na+],46
exemestane,60198,CC12CCC3C(C1CCC2=O)CC(=C)C4=CC(=O)C=CC34C,38
ibrutinib,24821094,C=CC(=O)N1CCCC(C1)N2C3=NC=NC(=C3C(=N2)C4=CC=C(C=C4)OC5=CC=CC=C5)N,59
iguratimod,124246,CS(=O)(=O)NC1=C(C=C2C(=C1)OC=C(C2=O)NC=O)OC3=CC=CC=C3,46
levomethadone,22267,CCC(=O)C(CC(C)N(C)C)(C1=CC=CC=C1)C2=CC=CC=C2,31
lisdexamfetamine,11597698,CC(CC1=CC=CC=C1)NC(=O)C(CCCCN)N,37
lopinavir,92727,CC1=C(C(=CC=C1)C)OCC(=O)NC(CC2=CC=CC=C2)C(CC(CC3=CC=CC=C3)NC(=O)C(C(C)C)N4CCCNC4=O)O,66
methadone,4095,CCC(=O)C(CC(C)N(C)C)(C1=CC=CC=C1)C2=CC=CC=C2,31
methazolamide,4100,CC(=O)N=C1N(N=C(S1)S(=O)(=O)N)C,31
metoclopramide,4168,CCN(CC)CCNC(=O)C1=CC(=C(C=C1OC)N)Cl,40
metoprolol,4171,CC(C)NCC(COC1=CC=C(C=C1)CCOC)O,36
metronidazole,4173,CC1=NC=C(N1CCO)[N+](=O)[O-],30
midazolam,4192,CC1=NC=C2N1C3=C(C=C(C=C3)Cl)C(=NC2)C4=CC=CC=C4F,43
mirtazapine,4205,CN1CCN2C(C1)C3=CC=CC=C3CC4=C2N=CC=C4,37
nebivolol,71301,C1CC2=C(C=CC(=C2)F)OC1C(CNCC(C3CCC4=C(O3)C=CC(=C4)F)O)O,36
nevirapine,4463,CC1=C2C(=NC=C1)N(C3=C(C=CC=N3)C(=O)N2)C4CC4,40
nimodipine,4497,CC1=C(C(C(=C(N1)C)C(=O)OC(C)C)C2=CC(=CC=C2)[N+](=O)[O-])C(=O)OCCOC,48
nortriptyline,4543,CNCCC=C1C2=CC=CC=C2CCC3=CC=CC=C31,29
ondansetron,4595,CC1=NC=CN1CC2CCC3=C(C2=O)C4=CC=CC=C4N3C,46
ondansetron hydrochloride,68647,CC1=NC=CN1CC2CCC3=C(C2=O)C4=CC=CC=C4N3C.Cl,47
opioids,126961754,CCC(=O)N(C1CCN(CC1)CCC2=CC=CC=C2)C3=CC=CC=C3.CCOC(=O)C1(CCN(CC1)C)C2=CC=CC=C2.CN1CCC23C4C(=O)CCC2(C1CC5=C3C(=C(C=C5)OC)O4)O,80
oxcarbazepine,34312,C1C2=CC=CC=C2N(C3=CC=CC=C3C1=O)C(=O)N,30
pantoprazole,4679,COC1=C(C(=NC=C1)CS(=O)C2=NC3=C(N2)C=C(C=C3)OC(F)F)OC,53
pantoprazole sodium,15008962,COC1=C(C(=NC=C1)CS(=O)C2=NC3=C([N-]2)C=CC(=C3)OC(F)F)OC.[Na+],51
paramethoxymethamphetamine,90766,CC(CC1=CC=C(C=C1)OC)NC,25
paroxetine,43815,C1CNCC(C1C2=CC=C(C=C2)F)COC3=CC4=C(C=C3)OCO4,42
paroxetine hydrochloride hemihydrate,5282487,C1CNCC(C1C2=CC=C(C=C2)F)COC3=CC4=C(C=C3)OCO4.C1CNCC(C1C2=CC=C(C=C2)F)COC3=CC4=C(C=C3)OCO4.O.Cl.Cl,44
phenytoin sodium,657302,C1=CC=C(C=C1)C2(C(=O)[N-]C(=O)N2)C3=CC=CC=C3.[Na+],25
